image,dog,cat,bear,snake,rabbit,deer,dinosaur,squirrel,tiger,turtle,wolf
dinosaur_0308.jpg,0,0,0,0,0,0,1,0,0,0,0
dinosaursquirrel_0301.jpg,0,0,0,0,0,0,1,1,0,0,0
dinosaur_0342.jpg,0,0,0,0,0,0,1,0,0,0,0
dinosaur_0319.jpg,0,0,0,0,0,0,1,0,0,0,0
dinosaur_0305.jpg,0,0,0,0,0,0,1,0,0,0,0
dinosaursquirrel_0318.jpg,0,0,0,0,0,0,1,1,0,0,0
dinosaursnake_0376.jpg,0,0,0,1,0,0,1,0,0,0,0
dinosaur_0445.jpg,0,0,0,0,0,0,1,0,0,0,0
dinosaur_0447.jpg,0,0,0,0,0,0,1,0,0,0,0
dinosaursquirrel_0448.jpg,0,0,0,0,0,0,1,1,0,0,0
dinosaurcat_0430.jpg,0,1,0,0,0,0,1,0,0,0,0
dinosaur_0449.jpg,0,0,0,0,0,0,1,0,0,0,0
dinosaurdeer_0356.jpg,0,0,0,0,0,1,1,0,0,0,0
dinosaur_0378.jpg,0,0,0,0,0,0,1,0,0,0,0
dinosaur_0439.jpg,0,0,0,0,0,0,1,0,0,0,0
dinosaurtigerwolf_0441.jpg,0,0,0,0,0,0,1,0,1,0,1
dinosaurdog_0440.jpg,1,0,0,0,0,0,1,0,0,0,0
dinosaurwolf_0436.jpg,0,0,0,0,0,0,1,0,0,0,1
dinosaurwolf_0437.jpg,0,0,0,0,0,0,1,0,0,0,1
dinosaur_0443.jpg,0,0,0,0,0,0,1,0,0,0,0
dinosaurdogsquirrel_0442.jpg,1,0,0,0,0,0,1,1,0,0,0
dinosaur_0313.jpg,0,0,0,0,0,0,1,0,0,0,0
dinosaur_0431.jpg,0,0,0,0,0,0,1,0,0,0,0
dinosaur_0302.jpg,0,0,0,0,0,0,1,0,0,0,0
dinosaurdog_0433.jpg,1,0,0,0,0,0,1,0,0,0,0
dinosaurdog_0304.jpg,1,0,0,0,0,0,1,0,0,0,0
dinosaur_0446.jpg,0,0,0,0,0,0,1,0,0,0,0
dinosaur_0307.jpg,0,0,0,0,0,0,1,0,0,0,0
dinosaur_0450.jpg,0,0,0,0,0,0,1,0,0,0,0
dinosaur_0438.jpg,0,0,0,0,0,0,1,0,0,0,0
dinosaur_0444.jpg,0,0,0,0,0,0,1,0,0,0,0
dinosaur_0435.jpg,0,0,0,0,0,0,1,0,0,0,0
dinosaurdog_0428.jpg,1,0,0,0,0,0,1,0,0,0,0
dinosaur_0421.jpg,0,0,0,0,0,0,1,0,0,0,0
dinosaurdeer_0432.jpg,0,0,0,0,0,1,1,0,0,0,0
dinosaur_0425.jpg,0,0,0,0,0,0,1,0,0,0,0
dinosaurdog_0427.jpg,1,0,0,0,0,0,1,0,0,0,0
dinosaur_0426.jpg,0,0,0,0,0,0,1,0,0,0,0
dinosaur_0424.jpg,0,0,0,0,0,0,1,0,0,0,0
dinosaurdeer_0434.jpg,0,0,0,0,0,1,1,0,0,0,0
dinosaurdog_0422.jpg,1,0,0,0,0,0,1,0,0,0,0
dinosaurdog_0429.jpg,1,0,0,0,0,0,1,0,0,0,0
dinosaurcat_0423.jpg,0,1,0,0,0,0,1,0,0,0,0
squirrelcat_0600.jpg,0,1,0,0,0,0,0,1,0,0,0
catdinosaur_1202.jpg,0,1,0,0,0,0,1,0,0,0,0
dogdinosaur_1204.jpg,1,0,0,0,0,0,1,0,0,0,0
dogdinosaur_1206.jpg,1,0,0,0,0,0,1,0,0,0,0
squirreldinosaur_1207.jpg,0,0,0,0,0,0,1,1,0,0,0
dogdinosaur_1208.jpg,1,0,0,0,0,0,1,0,0,0,0
dogdinosaur_1209.jpg,1,0,0,0,0,0,1,0,0,0,0
dogdinosaur_1211.jpg,1,0,0,0,0,0,1,0,0,0,0
wolfdogdinosaur_1212.jpg,1,0,0,0,0,0,1,0,0,0,1
dogwolfdinosaur_1214.jpg,1,0,0,0,0,0,1,0,0,0,1
dogdinosaur_1215.jpg,1,0,0,0,0,0,1,0,0,0,0
dogdinosaur_1216.jpg,1,0,0,0,0,0,1,0,0,0,0
turtledinosaur_1218.jpg,0,0,0,0,0,0,1,0,0,1,0
rabbitdinosaur_1219.jpg,0,0,0,0,1,0,1,0,0,0,0
dogdinosaur_1220.jpg,1,0,0,0,0,0,1,0,0,0,0
dogdinosaur_1221.jpg,1,0,0,0,0,0,1,0,0,0,0
catdinosaur_1222.jpg,0,1,0,0,0,0,1,0,0,0,0
turtledinosaur_1223.jpg,0,0,0,0,0,0,1,0,0,1,0
dogdinosaur_1224.jpg,1,0,0,0,0,0,1,0,0,0,0
dogdinosaur_1226.jpg,1,0,0,0,0,0,1,0,0,0,0
catdogdinosaur_1227.jpg,1,1,0,0,0,0,1,0,0,0,0
dinosaur_1228.jpg,0,0,0,0,0,0,1,0,0,0,0
dogturtledinosaur_1229.jpg,1,0,0,0,0,0,1,0,0,1,0
dogwolfdinosaur_1230.jpg,1,0,0,0,0,0,1,0,0,0,1
snakewolfdinosaur_1231.jpg,0,0,0,1,0,0,1,0,0,0,1
squirreldinosaur_1203.jpg,0,0,0,0,0,0,1,1,0,0,0
dogbeardinosaur_1213.jpg,1,0,1,0,0,0,1,0,0,0,0
wolfdogdinosaur_1233.jpg,1,0,0,0,0,0,1,0,0,0,1
wolfdinosaur_1234.jpg,0,0,0,0,0,0,1,0,0,0,1
dogdinosaur_1236.jpg,1,0,0,0,0,0,1,0,0,0,0
dogdinosaur_1237.jpg,1,0,0,0,0,0,1,0,0,0,0
dogdinosaur_1238.jpg,1,0,0,0,0,0,1,0,0,0,0
dogdinosaur_1240.jpg,1,0,0,0,0,0,1,0,0,0,0
beardinosaur_1241.jpg,0,0,1,0,0,0,1,0,0,0,0
beardogdinosaur_1242.jpg,1,0,1,0,0,0,1,0,0,0,0
wolfdinosaur_1243.jpg,0,0,0,0,0,0,1,0,0,0,1
wolfdinosaur_1244.jpg,0,0,0,0,0,0,1,0,0,0,1
wolfdinosaur_1245.jpg,0,0,0,0,0,0,1,0,0,0,1
tigerdinosaur_1246.jpg,0,0,0,0,0,0,1,0,1,0,0
wolfdinosaur_1247.jpg,0,0,0,0,0,0,1,0,0,0,1
dogdinosaur_1248.jpg,1,0,0,0,0,0,1,0,0,0,0
dogdinosaur_1249.jpg,1,0,0,0,0,0,1,0,0,0,0
rabbitdogdinosaur_1250.jpg,1,0,0,0,1,0,1,0,0,0,0
catdogdinosaur_1251.jpg,1,1,0,0,0,0,1,0,0,0,0
catdinosaur_1253.jpg,0,1,0,0,0,0,1,0,0,0,0
catdinosaur_1254.jpg,0,1,0,0,0,0,1,0,0,0,0
tigerwolfdinosaur_1257.jpg,0,0,0,0,0,0,1,0,1,0,1
catdinosaur_1259.jpg,0,1,0,0,0,0,1,0,0,0,0
dogdinosaur_1262.jpg,1,0,0,0,0,0,1,0,0,0,0
rabbitdinosaur_1263.jpg,0,0,0,0,1,0,1,0,0,0,0
dogdinosaur_1264.jpg,1,0,0,0,0,0,1,0,0,0,0
rabbitdinosaur_1265.jpg,0,0,0,0,1,0,1,0,0,0,0
dogdinosaur_1267.jpg,1,0,0,0,0,0,1,0,0,0,0
dogdinosaur_1269.jpg,1,0,0,0,0,0,1,0,0,0,0
catdinosaur_1271.jpg,0,1,0,0,0,0,1,0,0,0,0
catdinosaur_1272.jpg,0,1,0,0,0,0,1,0,0,0,0
dogdinosaur_1273.jpg,1,0,0,0,0,0,1,0,0,0,0
dogdinosaur_1276.jpg,1,0,0,0,0,0,1,0,0,0,0
dinosaur_1201.jpg,0,0,0,0,0,0,1,0,0,0,0
dogdinosaur_1225.jpg,1,0,0,0,0,0,1,0,0,0,0
rabbitdinosaur_1255.jpg,0,0,0,0,1,0,1,0,0,0,0
beardinosaur_1282.jpg,0,0,1,0,0,0,1,0,0,0,0
catdinosaur_1277.jpg,0,1,0,0,0,0,1,0,0,0,0
dinosaur_1281.jpg,0,0,0,0,0,0,1,0,0,0,0
beardinosaur_1284.jpg,0,0,1,0,0,0,1,0,0,0,0
dinosaur_1285.jpg,0,0,0,0,0,0,1,0,0,0,0
beardinosaur_1286.jpg,0,0,1,0,0,0,1,0,0,0,0
catdinosaur_1270.jpg,0,1,0,0,0,0,1,0,0,0,0
beardinosaur_1205.jpg,0,0,1,0,0,0,1,0,0,0,0
dogdinosaur_1258.jpg,1,0,0,0,0,0,1,0,0,0,0
beardinosaur_1287.jpg,0,0,1,0,0,0,1,0,0,0,0
dogdinosaur_1289.jpg,1,0,0,0,0,0,1,0,0,0,0
catdinosaur_1290.jpg,0,1,0,0,0,0,1,0,0,0,0
dinosaur_1291.jpg,0,0,0,0,0,0,1,0,0,0,0
catdinosaur_1294.jpg,0,1,0,0,0,0,1,0,0,0,0
catdinosaur_1295.jpg,0,1,0,0,0,0,1,0,0,0,0
catdogdinosaur_1297.jpg,1,1,0,0,0,0,1,0,0,0,0
catdogdinosaur_1298.jpg,1,1,0,0,0,0,1,0,0,0,0
dogturtledinosaur_1302.jpg,1,0,0,0,0,0,1,0,0,1,0
dogdinosaur_1303.jpg,1,0,0,0,0,0,1,0,0,0,0
turtledinosaur_1304.jpg,0,0,0,0,0,0,1,0,0,1,0
dogdinosaur_1305.jpg,1,0,0,0,0,0,1,0,0,0,0
catdinosaur_1306.jpg,0,1,0,0,0,0,1,0,0,0,0
squirreldogdinosaur_1307.jpg,1,0,0,0,0,0,1,1,0,0,0
catdinosaur_1308.jpg,0,1,0,0,0,0,1,0,0,0,0
dogdinosaur_1311.jpg,1,0,0,0,0,0,1,0,0,0,0
dogdinosaur_1312.jpg,1,0,0,0,0,0,1,0,0,0,0
dogdinosaur_1313.jpg,1,0,0,0,0,0,1,0,0,0,0
dogdinosaur_1314.jpg,1,0,0,0,0,0,1,0,0,0,0
turtledinosaur_1315.jpg,0,0,0,0,0,0,1,0,0,1,0
turtledinosaur_1316.jpg,0,0,0,0,0,0,1,0,0,1,0
dogdeerdinosaur_1317.jpg,1,0,0,0,0,1,1,0,0,0,0
dogdinosaur_1318.jpg,1,0,0,0,0,0,1,0,0,0,0
dinosaur_1319.jpg,0,0,0,0,0,0,1,0,0,0,0
catdinosaur_1320.jpg,0,1,0,0,0,0,1,0,0,0,0
dogdinosaur_1323.jpg,1,0,0,0,0,0,1,0,0,0,0
dinosaur_1326.jpg,0,0,0,0,0,0,1,0,0,0,0
wolfdinosaur_1327.jpg,0,0,0,0,0,0,1,0,0,0,1
dinosaur_1328.jpg,0,0,0,0,0,0,1,0,0,0,0
dogdinosaur_1329.jpg,1,0,0,0,0,0,1,0,0,0,0
wolfdinosaur_1331.jpg,0,0,0,0,0,0,1,0,0,0,1
dogdinosaur_1330.jpg,1,0,0,0,0,0,1,0,0,0,0
dogdinosaur_1334.jpg,1,0,0,0,0,0,1,0,0,0,0
catdinosaur_1335.jpg,0,1,0,0,0,0,1,0,0,0,0
catdinosaur_1338.jpg,0,1,0,0,0,0,1,0,0,0,0
catdinosaur_1340.jpg,0,1,0,0,0,0,1,0,0,0,0
catdinosaur_1343.jpg,0,1,0,0,0,0,1,0,0,0,0
catdinosaur_1344.jpg,0,1,0,0,0,0,1,0,0,0,0
dogdinosaur_1346.jpg,1,0,0,0,0,0,1,0,0,0,0
turtledogdinosaur_1347.jpg,1,0,0,0,0,0,1,0,0,1,0
dogdinosaur_1348.jpg,1,0,0,0,0,0,1,0,0,0,0
dogdinosaur_1349.jpg,1,0,0,0,0,0,1,0,0,0,0
dogwolfdinosaur_1333.jpg,1,0,0,0,0,0,1,0,0,0,1
dogdinosaur_1239.jpg,1,0,0,0,0,0,1,0,0,0,0
catdinosaur_1256.jpg,0,1,0,0,0,0,1,0,0,0,0
deerdogdinosaur_1296.jpg,1,0,0,0,0,1,1,0,0,0,0
snakedinosaur_1322.jpg,0,0,0,1,0,0,1,0,0,0,0
dogdinosaur_1324.jpg,1,0,0,0,0,0,1,0,0,0,0
catdinosaur_1339.jpg,0,1,0,0,0,0,1,0,0,0,0
squirrelbeardog_0751.jpg,1,0,1,0,0,0,0,1,0,0,0
catdog_0752.jpg,1,1,0,0,0,0,0,0,0,0,0
squirrelbeardog_0753.jpg,1,0,1,0,0,0,0,1,0,0,0
turtledeerdog_0754.jpg,1,0,0,0,0,1,0,0,0,1,0
wolfdinosaur_1232.jpg,0,0,0,0,0,0,1,0,0,0,1
wolfdinosaur_1332.jpg,0,0,0,0,0,0,1,0,0,0,1
squirreldog_0755.jpg,1,0,0,0,0,0,0,1,0,0,0
catdeerdog_0759.jpg,1,1,0,0,0,1,0,0,0,0,0
dinosaurrabbitdog_0760.jpg,1,0,0,0,1,0,1,0,0,0,0
squirreldog_0761.jpg,1,0,0,0,0,0,0,1,0,0,0
dinosaurdog_0765.jpg,1,0,0,0,0,0,1,0,0,0,0
dinosaurdog_0766.jpg,1,0,0,0,0,0,1,0,0,0,0
squirreldog_0771.jpg,1,0,0,0,0,0,0,1,0,0,0
catdog_0780.jpg,1,1,0,0,0,0,0,0,0,0,0
beardog_0786.jpg,1,0,1,0,0,0,0,0,0,0,0
beardog_0788.jpg,1,0,1,0,0,0,0,0,0,0,0
beardog_0789.jpg,1,0,1,0,0,0,0,0,0,0,0
dinosaurdog_0792.jpg,1,0,0,0,0,0,1,0,0,0,0
dinosaurdog_0793.jpg,1,0,0,0,0,0,1,0,0,0,0
dinosaurdog_0795.jpg,1,0,0,0,0,0,1,0,0,0,0
dinosaurdog_0799.jpg,1,0,0,0,0,0,1,0,0,0,0
bearsquirreldog_0800.jpg,1,0,1,0,0,0,0,1,0,0,0
catdog_0804.jpg,1,1,0,0,0,0,0,0,0,0,0
dinosaurdog_0806.jpg,1,0,0,0,0,0,1,0,0,0,0
dinosaurdog_0808.jpg,1,0,0,0,0,0,1,0,0,0,0
catdeerdog_0811.jpg,1,1,0,0,0,1,0,0,0,0,0
dinosaurdog_0815.jpg,1,0,0,0,0,0,1,0,0,0,0
catdog_0809.jpg,1,1,0,0,0,0,0,0,0,0,0
catdog_0810.jpg,1,1,0,0,0,0,0,0,0,0,0
deerdog_0816.jpg,1,0,0,0,0,1,0,0,0,0,0
deercatdog_0817.jpg,1,1,0,0,0,1,0,0,0,0,0
catdog_0833.jpg,1,1,0,0,0,0,0,0,0,0,0
deerdog_0834.jpg,1,0,0,0,0,1,0,0,0,0,0
catdog_0836.jpg,1,1,0,0,0,0,0,0,0,0,0
squirrelturtledog_0819.jpg,1,0,0,0,0,0,0,1,0,1,0
catdog_0821.jpg,1,1,0,0,0,0,0,0,0,0,0
dinosaurdog_0822.jpg,1,0,0,0,0,0,1,0,0,0,0
deerdog_0823.jpg,1,0,0,0,0,1,0,0,0,0,0
turtlesquirreldog_0824.jpg,1,0,0,0,0,0,0,1,0,1,0
catdog_0825.jpg,1,1,0,0,0,0,0,0,0,0,0
catdog_0826.jpg,1,1,0,0,0,0,0,0,0,0,0
turtledog_0827.jpg,1,0,0,0,0,0,0,0,0,1,0
catdog_0838.jpg,1,1,0,0,0,0,0,0,0,0,0
deercatdog_0839.jpg,1,1,0,0,0,1,0,0,0,0,0
catdog_0840.jpg,1,1,0,0,0,0,0,0,0,0,0
catdog_0841.jpg,1,1,0,0,0,0,0,0,0,0,0
squirreldog_0842.jpg,1,0,0,0,0,0,0,1,0,0,0
catdeerdog_0847.jpg,1,1,0,0,0,1,0,0,0,0,0
beardog_0852.jpg,1,0,1,0,0,0,0,0,0,0,0
deercatdog_0853.jpg,1,1,0,0,0,1,0,0,0,0,0
squirreldog_0854.jpg,1,0,0,0,0,0,0,1,0,0,0
catdog_0855.jpg,1,1,0,0,0,0,0,0,0,0,0
wolfdog_0860.jpg,1,0,0,0,0,0,0,0,0,0,1
catdog_0864.jpg,1,1,0,0,0,0,0,0,0,0,0
beardog_0865.jpg,1,0,1,0,0,0,0,0,0,0,0
catdog_0867.jpg,1,1,0,0,0,0,0,0,0,0,0
catdog_0868.jpg,1,1,0,0,0,0,0,0,0,0,0
deercatdog_0870.jpg,1,1,0,0,0,1,0,0,0,0,0
deerdog_0871.jpg,1,0,0,0,0,1,0,0,0,0,0
beardog_0873.jpg,1,0,1,0,0,0,0,0,0,0,0
squirreldog_0874.jpg,1,0,0,0,0,0,0,1,0,0,0
catdog_0877.jpg,1,1,0,0,0,0,0,0,0,0,0
beardog_0881.jpg,1,0,1,0,0,0,0,0,0,0,0
squirrelturtledog_0882.jpg,1,0,0,0,0,0,0,1,0,1,0
rabbitdog_0883.jpg,1,0,0,0,1,0,0,0,0,0,0
rabbitdog_0878.jpg,1,0,0,0,1,0,0,0,0,0,0
rabbitdog_0884.jpg,1,0,0,0,1,0,0,0,0,0,0
rabbitdog_0885.jpg,1,0,0,0,1,0,0,0,0,0,0
catdog_0887.jpg,1,1,0,0,0,0,0,0,0,0,0
deerdog_0888.jpg,1,0,0,0,0,1,0,0,0,0,0
catdog_0890.jpg,1,1,0,0,0,0,0,0,0,0,0
beardog_0891.jpg,1,0,1,0,0,0,0,0,0,0,0
deerrabbitdog_0892.jpg,1,0,0,0,1,1,0,0,0,0,0
dinosaurdog_0893.jpg,1,0,0,0,0,0,1,0,0,0,0
squirreldog_0894.jpg,1,0,0,0,0,0,0,1,0,0,0
squirreldog_0895.jpg,1,0,0,0,0,0,0,1,0,0,0
beardog_0896.jpg,1,0,1,0,0,0,0,0,0,0,0
dinosaursquirreldog_0897.jpg,1,0,0,0,0,0,1,1,0,0,0
dinosaurdog_0898.jpg,1,0,0,0,0,0,1,0,0,0,0
catdog_0900.jpg,1,1,0,0,0,0,0,0,0,0,0
tigerdog_0756.jpg,1,0,0,0,0,0,0,0,1,0,0
rabbitdog_0757.jpg,1,0,0,0,1,0,0,0,0,0,0
rabbitdeerdog_0758.jpg,1,0,0,0,1,1,0,0,0,0,0
squirreldog_0763.jpg,1,0,0,0,0,0,0,1,0,0,0
catdog_0768.jpg,1,1,0,0,0,0,0,0,0,0,0
catdog_0770.jpg,1,1,0,0,0,0,0,0,0,0,0
dinosaurdog_0772.jpg,1,0,0,0,0,0,1,0,0,0,0
beardog_0774.jpg,1,0,1,0,0,0,0,0,0,0,0
squirreldog_0775.jpg,1,0,0,0,0,0,0,1,0,0,0
squirreldog_0777.jpg,1,0,0,0,0,0,0,1,0,0,0
beardeerdog_0778.jpg,1,0,1,0,0,1,0,0,0,0,0
catdog_0781.jpg,1,1,0,0,0,0,0,0,0,0,0
deerdog_0784.jpg,1,0,0,0,0,1,0,0,0,0,0
squirreldog_0796.jpg,1,0,0,0,0,0,0,1,0,0,0
beardog_0797.jpg,1,0,1,0,0,0,0,0,0,0,0
beardog_0798.jpg,1,0,1,0,0,0,0,0,0,0,0
dinosaurdog_0802.jpg,1,0,0,0,0,0,1,0,0,0,0
squirreldog_0803.jpg,1,0,0,0,0,0,0,1,0,0,0
dinosaurdog_0805.jpg,1,0,0,0,0,0,1,0,0,0,0
squirreldog_0812.jpg,1,0,0,0,0,0,0,1,0,0,0
catdog_0818.jpg,1,1,0,0,0,0,0,0,0,0,0
deerdog_0828.jpg,1,0,0,0,0,1,0,0,0,0,0
deerdog_0829.jpg,1,0,0,0,0,1,0,0,0,0,0
catdog_0831.jpg,1,1,0,0,0,0,0,0,0,0,0
beardog_0835.jpg,1,0,1,0,0,0,0,0,0,0,0
wolfdog_0837.jpg,1,0,0,0,0,0,0,0,0,0,1
squirreldog_0843.jpg,1,0,0,0,0,0,0,1,0,0,0
tigerdog_0845.jpg,1,0,0,0,0,0,0,0,1,0,0
squirreldog_0850.jpg,1,0,0,0,0,0,0,1,0,0,0
deerdog_0856.jpg,1,0,0,0,0,1,0,0,0,0,0
beardog_0858.jpg,1,0,1,0,0,0,0,0,0,0,0
catdog_0861.jpg,1,1,0,0,0,0,0,0,0,0,0
deerdog_0862.jpg,1,0,0,0,0,1,0,0,0,0,0
tigerdog_0866.jpg,1,0,0,0,0,0,0,0,1,0,0
catdog_0872.jpg,1,1,0,0,0,0,0,0,0,0,0
wolfdog_0875.jpg,1,0,0,0,0,0,0,0,0,0,1
deerdog_0876.jpg,1,0,0,0,0,1,0,0,0,0,0
wolfdog_0879.jpg,1,0,0,0,0,0,0,0,0,0,1
turtledog_0880.jpg,1,0,0,0,0,0,0,0,0,1,0
wolfdog_0899.jpg,1,0,0,0,0,0,0,0,0,0,1
squirrelcat_0901.jpg,0,1,0,0,0,0,0,1,0,0,0
cat_0902.jpg,0,1,0,0,0,0,0,0,0,0,0
wolfcat_0903.jpg,0,1,0,0,0,0,0,0,0,0,1
wolfcat_0904.jpg,0,1,0,0,0,0,0,0,0,0,1
deercat_0905.jpg,0,1,0,0,0,1,0,0,0,0,0
dogcat_0906.jpg,1,1,0,0,0,0,0,0,0,0,0
cat_0907.jpg,0,1,0,0,0,0,0,0,0,0,0
cat_0910.jpg,0,1,0,0,0,0,0,0,0,0,0
deercat_0908.jpg,0,1,0,0,0,1,0,0,0,0,0
tigercat_0912.jpg,0,1,0,0,0,0,0,0,1,0,0
tigercat_0913.jpg,0,1,0,0,0,0,0,0,1,0,0
wolfcat_0914.jpg,0,1,0,0,0,0,0,0,0,0,1
wolfcat_0915.jpg,0,1,0,0,0,0,0,0,0,0,1
wolfcat_0916.jpg,0,1,0,0,0,0,0,0,0,0,1
dogcat_0918.jpg,1,1,0,0,0,0,0,0,0,0,0
dinosaurcat_0920.jpg,0,1,0,0,0,0,1,0,0,0,0
dinosaurcat_0919.jpg,0,1,0,0,0,0,1,0,0,0,0
dinosaurcat_0922.jpg,0,1,0,0,0,0,1,0,0,0,0
dinosaurcat_0923.jpg,0,1,0,0,0,0,1,0,0,0,0
dinosaurcat_0924.jpg,0,1,0,0,0,0,1,0,0,0,0
wolfcat_0925.jpg,0,1,0,0,0,0,0,0,0,0,1
wolfcat_0926.jpg,0,1,0,0,0,0,0,0,0,0,1
wolfcat_0927.jpg,0,1,0,0,0,0,0,0,0,0,1
dogcat_0929.jpg,1,1,0,0,0,0,0,0,0,0,0
dinosaurcat_0930.jpg,0,1,0,0,0,0,1,0,0,0,0
wolfcat_0931.jpg,0,1,0,0,0,0,0,0,0,0,1
wolfcat_0932.jpg,0,1,0,0,0,0,0,0,0,0,1
snakecat_0938.jpg,0,1,0,1,0,0,0,0,0,0,0
wolfcat_0939.jpg,0,1,0,0,0,0,0,0,0,0,1
wolfcat_0940.jpg,0,1,0,0,0,0,0,0,0,0,1
dogcat_0941.jpg,1,1,0,0,0,0,0,0,0,0,0
snakecat_0944.jpg,0,1,0,1,0,0,0,0,0,0,0
squirrelsnakecat_0945.jpg,0,1,0,1,0,0,0,1,0,0,0
snakecat_0946.jpg,0,1,0,1,0,0,0,0,0,0,0
catsnake_0947.jpg,0,1,0,1,0,0,0,0,0,0,0
snakecat_0948.jpg,0,1,0,1,0,0,0,0,0,0,0
snakecat_0949.jpg,0,1,0,1,0,0,0,0,0,0,0
snakecat_0950.jpg,0,1,0,1,0,0,0,0,0,0,0
dinosaurcat_0951.jpg,0,1,0,0,0,0,1,0,0,0,0
dinosaurcat_0952.jpg,0,1,0,0,0,0,1,0,0,0,0
dogcat_0953.jpg,1,1,0,0,0,0,0,0,0,0,0
deerdogcat_0954.jpg,1,1,0,0,0,1,0,0,0,0,0
dogcat_0955.jpg,1,1,0,0,0,0,0,0,0,0,0
dinosaursnakecat_0956.jpg,0,1,0,1,0,0,1,0,0,0,0
wolfcat_0958.jpg,0,1,0,0,0,0,0,0,0,0,1
wolfcat_0959.jpg,0,1,0,0,0,0,0,0,0,0,1
cat_0961.jpg,0,1,0,0,0,0,0,0,0,0,0
squirrelcat_0963.jpg,0,1,0,0,0,0,0,1,0,0,0
deercat_0964.jpg,0,1,0,0,0,1,0,0,0,0,0
cat_0965.jpg,0,1,0,0,0,0,0,0,0,0,0
deercat_0966.jpg,0,1,0,0,0,1,0,0,0,0,0
cat_0967.jpg,0,1,0,0,0,0,0,0,0,0,0
cat_0968.jpg,0,1,0,0,0,0,0,0,0,0,0
squirrelcat_0969.jpg,0,1,0,0,0,0,0,1,0,0,0
snakecat_0970.jpg,0,1,0,1,0,0,0,0,0,0,0
squirrelcat_0971.jpg,0,1,0,0,0,0,0,1,0,0,0
deercat_0972.jpg,0,1,0,0,0,1,0,0,0,0,0
deercat_0973.jpg,0,1,0,0,0,1,0,0,0,0,0
cat_0974.jpg,0,1,0,0,0,0,0,0,0,0,0
cat_0975.jpg,0,1,0,0,0,0,0,0,0,0,0
cat_0976.jpg,0,1,0,0,0,0,0,0,0,0,0
cat_0977.jpg,0,1,0,0,0,0,0,0,0,0,0
squirreldeercat_0978.jpg,0,1,0,0,0,1,0,1,0,0,0
cat_0979.jpg,0,1,0,0,0,0,0,0,0,0,0
deercat_0980.jpg,0,1,0,0,0,1,0,0,0,0,0
deercat_0981.jpg,0,1,0,0,0,1,0,0,0,0,0
deercat_0982.jpg,0,1,0,0,0,1,0,0,0,0,0
snakedeercat_0983.jpg,0,1,0,1,0,1,0,0,0,0,0
catdeer_0984.jpg,0,1,0,0,0,1,0,0,0,0,0
catdeer_0985.jpg,0,1,0,0,0,1,0,0,0,0,0
catsquirrel_0986.jpg,0,1,0,0,0,0,0,1,0,0,0
cat_0987.jpg,0,1,0,0,0,0,0,0,0,0,0
deercat_0988.jpg,0,1,0,0,0,1,0,0,0,0,0
deercat_0989.jpg,0,1,0,0,0,1,0,0,0,0,0
deersquirrelcat_0990.jpg,0,1,0,0,0,1,0,1,0,0,0
cat_0991.jpg,0,1,0,0,0,0,0,0,0,0,0
deercat_0993.jpg,0,1,0,0,0,1,0,0,0,0,0
cat_0994.jpg,0,1,0,0,0,0,0,0,0,0,0
squirrelcat_0996.jpg,0,1,0,0,0,0,0,1,0,0,0
deercat_0997.jpg,0,1,0,0,0,1,0,0,0,0,0
cat_0998.jpg,0,1,0,0,0,0,0,0,0,0,0
deercat_0999.jpg,0,1,0,0,0,1,0,0,0,0,0
deerdinosaurcat_1000.jpg,0,1,0,0,0,1,1,0,0,0,0
squirrelcat_1001.jpg,0,1,0,0,0,0,0,1,0,0,0
dogcat_1002.jpg,1,1,0,0,0,0,0,0,0,0,0
deersquirrelcat_1003.jpg,0,1,0,0,0,1,0,1,0,0,0
cat_1004.jpg,0,1,0,0,0,0,0,0,0,0,0
squirreldeercat_1005.jpg,0,1,0,0,0,1,0,1,0,0,0
squirrelcat_1006.jpg,0,1,0,0,0,0,0,1,0,0,0
squirrelcat_1007.jpg,0,1,0,0,0,0,0,1,0,0,0
dogcat_1008.jpg,1,1,0,0,0,0,0,0,0,0,0
dogcat_1009.jpg,1,1,0,0,0,0,0,0,0,0,0
tigercat_1010.jpg,0,1,0,0,0,0,0,0,1,0,0
dogcat_1011.jpg,1,1,0,0,0,0,0,0,0,0,0
deercat_1012.jpg,0,1,0,0,0,1,0,0,0,0,0
squirrelcat_1013.jpg,0,1,0,0,0,0,0,1,0,0,0
dogcat_1015.jpg,1,1,0,0,0,0,0,0,0,0,0
tigercat_1016.jpg,0,1,0,0,0,0,0,0,1,0,0
deercat_1017.jpg,0,1,0,0,0,1,0,0,0,0,0
deercat_1018.jpg,0,1,0,0,0,1,0,0,0,0,0
squirrelcat_1019.jpg,0,1,0,0,0,0,0,1,0,0,0
dinosaurdeercat_1020.jpg,0,1,0,0,0,1,1,0,0,0,0
dinosaurwolfcat_1021.jpg,0,1,0,0,0,0,1,0,0,0,1
cat_1022.jpg,0,1,0,0,0,0,0,0,0,0,0
dogcat_1023.jpg,1,1,0,0,0,0,0,0,0,0,0
dogcat_1024.jpg,1,1,0,0,0,0,0,0,0,0,0
dogcat_1026.jpg,1,1,0,0,0,0,0,0,0,0,0
wolfcat_1027.jpg,0,1,0,0,0,0,0,0,0,0,1
dogcat_1028.jpg,1,1,0,0,0,0,0,0,0,0,0
dogcat_1029.jpg,1,1,0,0,0,0,0,0,0,0,0
snakecat_1030.jpg,0,1,0,1,0,0,0,0,0,0,0
dinosaurcat_1031.jpg,0,1,0,0,0,0,1,0,0,0,0
squirrelcat_1032.jpg,0,1,0,0,0,0,0,1,0,0,0
dinosaurcat_1033.jpg,0,1,0,0,0,0,1,0,0,0,0
wolfdogcat_1034.jpg,1,1,0,0,0,0,0,0,0,0,1
deercat_1036.jpg,0,1,0,0,0,1,0,0,0,0,0
catdinosaur_1037.jpg,0,1,0,0,0,0,1,0,0,0,0
cat_1038.jpg,0,1,0,0,0,0,0,0,0,0,0
squirreldeercat_1039.jpg,0,1,0,0,0,1,0,1,0,0,0
cat_1040.jpg,0,1,0,0,0,0,0,0,0,0,0
squirrelcat_1041.jpg,0,1,0,0,0,0,0,1,0,0,0
dogcat_1042.jpg,1,1,0,0,0,0,0,0,0,0,0
cat_1043.jpg,0,1,0,0,0,0,0,0,0,0,0
cat_1044.jpg,0,1,0,0,0,0,0,0,0,0,0
cat_1045.jpg,0,1,0,0,0,0,0,0,0,0,0
dinosaurcat_1047.jpg,0,1,0,0,0,0,1,0,0,0,0
dinosaurcat_1048.jpg,0,1,0,0,0,0,1,0,0,0,0
dinosaurcat_1049.jpg,0,1,0,0,0,0,1,0,0,0,0
dinosaurcat_1050.jpg,0,1,0,0,0,0,1,0,0,0,0
dogcat_0921.jpg,1,1,0,0,0,0,0,0,0,0,0
squirrelcat_0937.jpg,0,1,0,0,0,0,0,1,0,0,0
dinosaurcat_0960.jpg,0,1,0,0,0,0,1,0,0,0,0
cat_0992.jpg,0,1,0,0,0,0,0,0,0,0,0
dogcat_0995.jpg,1,1,0,0,0,0,0,0,0,0,0
wolfcat_1035.jpg,0,1,0,0,0,0,0,0,0,0,1
dogdinosaur_1352.jpg,1,0,0,0,0,0,1,0,0,0,0
dogdinosaur_1354.jpg,1,0,0,0,0,0,1,0,0,0,0
dogdinosaur_1358.jpg,1,0,0,0,0,0,1,0,0,0,0
dogdinosaur_1359.jpg,1,0,0,0,0,0,1,0,0,0,0
dinosaur_1362.jpg,0,0,0,0,0,0,1,0,0,0,0
dinosaur_1363.jpg,0,0,0,0,0,0,1,0,0,0,0
dinosaur_1364.jpg,0,0,0,0,0,0,1,0,0,0,0
catdinosaur_1365.jpg,0,1,0,0,0,0,1,0,0,0,0
wolfdinosaur_1366.jpg,0,0,0,0,0,0,1,0,0,0,1
dogdinosaur_1367.jpg,1,0,0,0,0,0,1,0,0,0,0
wolfdinosaur_1369.jpg,0,0,0,0,0,0,1,0,0,0,1
dinosaur_1372.jpg,0,0,0,0,0,0,1,0,0,0,0
beardinosaur_1373.jpg,0,0,1,0,0,0,1,0,0,0,0
dogdinosaur_1374.jpg,1,0,0,0,0,0,1,0,0,0,0
dogdinosaur_1371.jpg,1,0,0,0,0,0,1,0,0,0,0
dinosaur_1370.jpg,0,0,0,0,0,0,1,0,0,0,0
dogdinosaur_1375.jpg,1,0,0,0,0,0,1,0,0,0,0
dogdinosaur_1376.jpg,1,0,0,0,0,0,1,0,0,0,0
turtledinosaur_1377.jpg,0,0,0,0,0,0,1,0,0,1,0
catdinosaur_1379.jpg,0,1,0,0,0,0,1,0,0,0,0
catdogdinosaur_1380.jpg,1,1,0,0,0,0,1,0,0,0,0
dogdinosaur_1381.jpg,1,0,0,0,0,0,1,0,0,0,0
turtledinosaur_1382.jpg,0,0,0,0,0,0,1,0,0,1,0
catdinosaur_1383.jpg,0,1,0,0,0,0,1,0,0,0,0
deerdinosaur_1384.jpg,0,0,0,0,0,1,1,0,0,0,0
dogdinosaur_1385.jpg,1,0,0,0,0,0,1,0,0,0,0
dinosaur_1386.jpg,0,0,0,0,0,0,1,0,0,0,0
dinosaur_1387.jpg,0,0,0,0,0,0,1,0,0,0,0
dogdinosaur_1388.jpg,1,0,0,0,0,0,1,0,0,0,0
deerdinosaur_1389.jpg,0,0,0,0,0,1,1,0,0,0,0
dogdinosaur_1390.jpg,1,0,0,0,0,0,1,0,0,0,0
catdinosaur_1391.jpg,0,1,0,0,0,0,1,0,0,0,0
snakedinosaur_1392.jpg,0,0,0,1,0,0,1,0,0,0,0
squirreldinosaur_1393.jpg,0,0,0,0,0,0,1,1,0,0,0
deerdinosaur_1394.jpg,0,0,0,0,0,1,1,0,0,0,0
catdogdinosaur_1395.jpg,1,1,0,0,0,0,1,0,0,0,0
deerdinosaur_1396.jpg,0,0,0,0,0,1,1,0,0,0,0
squirreldinosaur_1397.jpg,0,0,0,0,0,0,1,1,0,0,0
deerdinosaur_1398.jpg,0,0,0,0,0,1,1,0,0,0,0
snakedinosaur_1399.jpg,0,0,0,1,0,0,1,0,0,0,0
catsnakedinosaur_1400.jpg,0,1,0,1,0,0,1,0,0,0,0
dogdinosaur_1401.jpg,1,0,0,0,0,0,1,0,0,0,0
dogdinosaur_1402.jpg,1,0,0,0,0,0,1,0,0,0,0
beardinosaur_1403.jpg,0,0,1,0,0,0,1,0,0,0,0
beardinosaur_1404.jpg,0,0,1,0,0,0,1,0,0,0,0
dogdinosaur_1405.jpg,1,0,0,0,0,0,1,0,0,0,0
turtledogdinosaur_1406.jpg,1,0,0,0,0,0,1,0,0,1,0
dinosaur_1407.jpg,0,0,0,0,0,0,1,0,0,0,0
dogdinosaur_1408.jpg,1,0,0,0,0,0,1,0,0,0,0
turtledinosaur_1409.jpg,0,0,0,0,0,0,1,0,0,1,0
catdinosaur_1410.jpg,0,1,0,0,0,0,1,0,0,0,0
catdinosaur_1411.jpg,0,1,0,0,0,0,1,0,0,0,0
catdinosaur_1412.jpg,0,1,0,0,0,0,1,0,0,0,0
beardinosaur_1413.jpg,0,0,1,0,0,0,1,0,0,0,0
beardinosaur_1414.jpg,0,0,1,0,0,0,1,0,0,0,0
deerdinosaur_1415.jpg,0,0,0,0,0,1,1,0,0,0,0
turtledinosaur_1416.jpg,0,0,0,0,0,0,1,0,0,1,0
catdinosaur_1417.jpg,0,1,0,0,0,0,1,0,0,0,0
deerdinosaur_1418.jpg,0,0,0,0,0,1,1,0,0,0,0
deerdinosaur_1419.jpg,0,0,0,0,0,1,1,0,0,0,0
deerdinosaur_1420.jpg,0,0,0,0,0,1,1,0,0,0,0
dogdinosaur_1421.jpg,1,0,0,0,0,0,1,0,0,0,0
catdinosaur_1422.jpg,0,1,0,0,0,0,1,0,0,0,0
dogdinosaur_1423.jpg,1,0,0,0,0,0,1,0,0,0,0
dogdinosaur_1424.jpg,1,0,0,0,0,0,1,0,0,0,0
dogdinosaur_1425.jpg,1,0,0,0,0,0,1,0,0,0,0
dogdinosaur_1426.jpg,1,0,0,0,0,0,1,0,0,0,0
turtledinosaur_1427.jpg,0,0,0,0,0,0,1,0,0,1,0
catdinosaur_1428.jpg,0,1,0,0,0,0,1,0,0,0,0
dinosaur_1429.jpg,0,0,0,0,0,0,1,0,0,0,0
beardinosaur_1430.jpg,0,0,1,0,0,0,1,0,0,0,0
beardinosaur_1433.jpg,0,0,1,0,0,0,1,0,0,0,0
beardinosaur_1434.jpg,0,0,1,0,0,0,1,0,0,0,0
dinosaur_1435.jpg,0,0,0,0,0,0,1,0,0,0,0
dinosaur_1436.jpg,0,0,0,0,0,0,1,0,0,0,0
dogdinosaur_1437.jpg,1,0,0,0,0,0,1,0,0,0,0
wolfdinosaur_1438.jpg,0,0,0,0,0,0,1,0,0,0,1
catdinosaur_1431.jpg,0,1,0,0,0,0,1,0,0,0,0
catdinosaur_1432.jpg,0,1,0,0,0,0,1,0,0,0,0
catdogdinosaur_1439.jpg,1,1,0,0,0,0,1,0,0,0,0
dogdinosaur_1440.jpg,1,0,0,0,0,0,1,0,0,0,0
dogdinosaur_1441.jpg,1,0,0,0,0,0,1,0,0,0,0
dogdinosaur_1442.jpg,1,0,0,0,0,0,1,0,0,0,0
catdinosaur_1443.jpg,0,1,0,0,0,0,1,0,0,0,0
dogcatdinosaur_1444.jpg,1,1,0,0,0,0,1,0,0,0,0
catdinosaur_1445.jpg,0,1,0,0,0,0,1,0,0,0,0
turtledinosaur_1446.jpg,0,0,0,0,0,0,1,0,0,1,0
turtledinosaur_1447.jpg,0,0,0,0,0,0,1,0,0,1,0
snakedinosaur_1450.jpg,0,0,0,1,0,0,1,0,0,0,0
deerdinosaur_1451.jpg,0,0,0,0,0,1,1,0,0,0,0
squirreldinosaur_1452.jpg,0,0,0,0,0,0,1,1,0,0,0
dogdinosaur_1453.jpg,1,0,0,0,0,0,1,0,0,0,0
catdinosaur_1454.jpg,0,1,0,0,0,0,1,0,0,0,0
catdinosaur_1455.jpg,0,1,0,0,0,0,1,0,0,0,0
deerdinosaur_1456.jpg,0,0,0,0,0,1,1,0,0,0,0
dogdinosaur_1457.jpg,1,0,0,0,0,0,1,0,0,0,0
turtledinosaur_1458.jpg,0,0,0,0,0,0,1,0,0,1,0
snakedinosaur_1459.jpg,0,0,0,1,0,0,1,0,0,0,0
rabbitdinosaur_1460.jpg,0,0,0,0,1,0,1,0,0,0,0
catdinosaur_1461.jpg,0,1,0,0,0,0,1,0,0,0,0
dogdinosaur_1462.jpg,1,0,0,0,0,0,1,0,0,0,0
dogdinosaur_1463.jpg,1,0,0,0,0,0,1,0,0,0,0
dogdinosaur_1464.jpg,1,0,0,0,0,0,1,0,0,0,0
dinosaur_1465.jpg,0,0,0,0,0,0,1,0,0,0,0
dogdinosaur_1466.jpg,1,0,0,0,0,0,1,0,0,0,0
dogdinosaur_1467.jpg,1,0,0,0,0,0,1,0,0,0,0
dogdinosaur_1469.jpg,1,0,0,0,0,0,1,0,0,0,0
catdinosaur_1470.jpg,0,1,0,0,0,0,1,0,0,0,0
dogdinosaur_1471.jpg,1,0,0,0,0,0,1,0,0,0,0
catdinosaur_1472.jpg,0,1,0,0,0,0,1,0,0,0,0
dogdinosaur_1473.jpg,1,0,0,0,0,0,1,0,0,0,0
deerdogdinosaur_1474.jpg,1,0,0,0,0,1,1,0,0,0,0
dinosaur_1476.jpg,0,0,0,0,0,0,1,0,0,0,0
deerturtledinosaur_1477.jpg,0,0,0,0,0,1,1,0,0,1,0
dogdinosaur_1479.jpg,1,0,0,0,0,0,1,0,0,0,0
catdinosaur_1480.jpg,0,1,0,0,0,0,1,0,0,0,0
dogdinosaur_1482.jpg,1,0,0,0,0,0,1,0,0,0,0
catdinosaur_1483.jpg,0,1,0,0,0,0,1,0,0,0,0
catdinosaur_1484.jpg,0,1,0,0,0,0,1,0,0,0,0
beardinosaur_1485.jpg,0,0,1,0,0,0,1,0,0,0,0
squirreldinosaur_1486.jpg,0,0,0,0,0,0,1,1,0,0,0
dogdinosaur_1487.jpg,1,0,0,0,0,0,1,0,0,0,0
dinosaur_1489.jpg,0,0,0,0,0,0,1,0,0,0,0
dogdinosaur_1488.jpg,1,0,0,0,0,0,1,0,0,0,0
catdinosaur_1490.jpg,0,1,0,0,0,0,1,0,0,0,0
catdinosaur_1491.jpg,0,1,0,0,0,0,1,0,0,0,0
deerdinosaur_1492.jpg,0,0,0,0,0,1,1,0,0,0,0
dogdinosaur_1493.jpg,1,0,0,0,0,0,1,0,0,0,0
dogdinosaur_1494.jpg,1,0,0,0,0,0,1,0,0,0,0
dinosaur_1495.jpg,0,0,0,0,0,0,1,0,0,0,0
dogdinosaur_1497.jpg,1,0,0,0,0,0,1,0,0,0,0
dogdinosaur_1498.jpg,1,0,0,0,0,0,1,0,0,0,0
turtledinosaur_1500.jpg,0,0,0,0,0,0,1,0,0,1,0
dinosaursnake_1051.jpg,0,0,0,1,0,0,1,0,0,0,0
catsnake_1052.jpg,0,1,0,1,0,0,0,0,0,0,0
dinosaursnake_1053.jpg,0,0,0,1,0,0,1,0,0,0,0
catsnake_1054.jpg,0,1,0,1,0,0,0,0,0,0,0
dinosaurcatsnake_1055.jpg,0,1,0,1,0,0,1,0,0,0,0
dinosaursnake_1056.jpg,0,0,0,1,0,0,1,0,0,0,0
catsnake_1057.jpg,0,1,0,1,0,0,0,0,0,0,0
catsnake_1058.jpg,0,1,0,1,0,0,0,0,0,0,0
wolfsnake_1059.jpg,0,0,0,1,0,0,0,0,0,0,1
catdinosaursnake_1060.jpg,0,1,0,1,0,0,1,0,0,0,0
catsnake_1061.jpg,0,1,0,1,0,0,0,0,0,0,0
catsnake_1063.jpg,0,1,0,1,0,0,0,0,0,0,0
catsnake_1064.jpg,0,1,0,1,0,0,0,0,0,0,0
catdinosaursnake_1065.jpg,0,1,0,1,0,0,1,0,0,0,0
catdinosaursnake_1066.jpg,0,1,0,1,0,0,1,0,0,0,0
catsnake_1068.jpg,0,1,0,1,0,0,0,0,0,0,0
dogsnake_1070.jpg,1,0,0,1,0,0,0,0,0,0,0
bearsnake_1071.jpg,0,0,1,1,0,0,0,0,0,0,0
catsnake_1072.jpg,0,1,0,1,0,0,0,0,0,0,0
wolfsnake_1073.jpg,0,0,0,1,0,0,0,0,0,0,1
catsnake_1075.jpg,0,1,0,1,0,0,0,0,0,0,0
catsnake_1076.jpg,0,1,0,1,0,0,0,0,0,0,0
catsnake_1079.jpg,0,1,0,1,0,0,0,0,0,0,0
catsnake_1080.jpg,0,1,0,1,0,0,0,0,0,0,0
catsnake_1081.jpg,0,1,0,1,0,0,0,0,0,0,0
catsnake_1082.jpg,0,1,0,1,0,0,0,0,0,0,0
catsnake_1083.jpg,0,1,0,1,0,0,0,0,0,0,0
wolfsnake_1084.jpg,0,0,0,1,0,0,0,0,0,0,1
catsnake_1085.jpg,0,1,0,1,0,0,0,0,0,0,0
catsnake_1086.jpg,0,1,0,1,0,0,0,0,0,0,0
dogsnake_1087.jpg,1,0,0,1,0,0,0,0,0,0,0
catsnake_1088.jpg,0,1,0,1,0,0,0,0,0,0,0
catsnake_1089.jpg,0,1,0,1,0,0,0,0,0,0,0
catsnake_1090.jpg,0,1,0,1,0,0,0,0,0,0,0
catsnake_1091.jpg,0,1,0,1,0,0,0,0,0,0,0
catsnake_1092.jpg,0,1,0,1,0,0,0,0,0,0,0
wolfsnake_1093.jpg,0,0,0,1,0,0,0,0,0,0,1
catdinosaursnake_1095.jpg,0,1,0,1,0,0,1,0,0,0,0
rabbitsquirrel_1785.jpg,0,0,0,0,1,0,0,1,0,0,0
rabbitsquirrel_1786.jpg,0,0,0,0,1,0,0,1,0,0,0
rabbitsquirrel_1787.jpg,0,0,0,0,1,0,0,1,0,0,0
rabbitsquirrel_1788.jpg,0,0,0,0,1,0,0,1,0,0,0
rabbitsquirrel_1789.jpg,0,0,0,0,1,0,0,1,0,0,0
rabbitsquirrel_1790.jpg,0,0,0,0,1,0,0,1,0,0,0
rabbitsquirrel_1587.jpg,0,0,0,0,1,0,0,1,0,0,0
rabbitsquirrel_1588.jpg,0,0,0,0,1,0,0,1,0,0,0
rabbitsquirrel_1589.jpg,0,0,0,0,1,0,0,1,0,0,0
rabbitsquirrel_1590.jpg,0,0,0,0,1,0,0,1,0,0,0
rabbitsquirrel_1591.jpg,0,0,0,0,1,0,0,1,0,0,0
rabbitsquirrel_1592.jpg,0,0,0,0,1,0,0,1,0,0,0
rabbitsquirrel_1780.jpg,0,0,0,0,1,0,0,1,0,0,0
rabbitsquirrel_1593.jpg,0,0,0,0,1,0,0,1,0,0,0
rabbitsquirrel_1594.jpg,0,0,0,0,1,0,0,1,0,0,0
rabbitsquirrel_1595.jpg,0,0,0,0,1,0,0,1,0,0,0
rabbitsquirrel_1596.jpg,0,0,0,0,1,0,0,1,0,0,0
rabbitsquirrel_1597.jpg,0,0,0,0,1,0,0,1,0,0,0
rabbitsquirrel _1598.jpg,0,0,0,0,1,0,0,1,0,0,0
rabbitsquirrel_1599.jpg,0,0,0,0,1,0,0,1,0,0,0
rabbitsquirrel_1600.jpg,0,0,0,0,1,0,0,1,0,0,0
rabbitsquirrel_1601.jpg,0,0,0,0,1,0,0,1,0,0,0
rabbitsquirrel_1602.jpg,0,0,0,0,1,0,0,1,0,0,0
rabbitsquirrel_1603.jpg,0,0,0,0,1,0,0,1,0,0,0
rabbitsquirrel_1604.jpg,0,0,0,0,1,0,0,1,0,0,0
rabbitsquirrel_1774.jpg,0,0,0,0,1,0,0,1,0,0,0
rabbitsquirrel_1647.jpg,0,0,0,0,1,0,0,1,0,0,0
rabbitsquirrel_1772.jpg,0,0,0,0,1,0,0,1,0,0,0
rabbitsquirrel_1773.jpg,0,0,0,0,1,0,0,1,0,0,0
rabbitsquirrel_1775.jpg,0,0,0,0,1,0,0,1,0,0,0
rabbitsquirrel_1777.jpg,0,0,0,0,1,0,0,1,0,0,0
rabbitsquirrel_1783.jpg,0,0,0,0,1,0,0,1,0,0,0
rabbitsquirrel_1784.jpg,0,0,0,0,1,0,0,1,0,0,0
deerrabbit_1791.jpg,0,0,0,0,1,1,0,0,0,0,0
deerrabbit_1793.jpg,0,0,0,0,1,1,0,0,0,0,0
deerrabbit_1794.jpg,0,0,0,0,1,1,0,0,0,0,0
deerrabbit_1795.jpg,0,0,0,0,1,1,0,0,0,0,0
deerrabbit_1796.jpg,0,0,0,0,1,1,0,0,0,0,0
deerrabbit_1798.jpg,0,0,0,0,1,1,0,0,0,0,0
deerrabbit_1799.jpg,0,0,0,0,1,1,0,0,0,0,0
deerrabbit_1891.jpg,0,0,0,0,1,1,0,0,0,0,0
deerrabbit_1797.jpg,0,0,0,0,1,1,0,0,0,0,0
dog_0762.jpg,1,0,0,0,0,0,0,0,0,0,0
dog_0764.jpg,1,0,0,0,0,0,0,0,0,0,0
dog_0769.jpg,1,0,0,0,0,0,0,0,0,0,0
dog_0773.jpg,1,0,0,0,0,0,0,0,0,0,0
dog_0776.jpg,1,0,0,0,0,0,0,0,0,0,0
dog_0779.jpg,1,0,0,0,0,0,0,0,0,0,0
dog_0782.jpg,1,0,0,0,0,0,0,0,0,0,0
dog_0783.jpg,1,0,0,0,0,0,0,0,0,0,0
dog_0785.jpg,1,0,0,0,0,0,0,0,0,0,0
dog_0787.jpg,1,0,0,0,0,0,0,0,0,0,0
dog_0790.jpg,1,0,0,0,0,0,0,0,0,0,0
dog_0791.jpg,1,0,0,0,0,0,0,0,0,0,0
dog_0794.jpg,1,0,0,0,0,0,0,0,0,0,0
dog_0801.jpg,1,0,0,0,0,0,0,0,0,0,0
dog_0807.jpg,1,0,0,0,0,0,0,0,0,0,0
dog_0813.jpg,1,0,0,0,0,0,0,0,0,0,0
dog_0814.jpg,1,0,0,0,0,0,0,0,0,0,0
dog_0820.jpg,1,0,0,0,0,0,0,0,0,0,0
dog_0830.jpg,1,0,0,0,0,0,0,0,0,0,0
dog_0832.jpg,1,0,0,0,0,0,0,0,0,0,0
dog_0844.jpg,1,0,0,0,0,0,0,0,0,0,0
dog_0846.jpg,1,0,0,0,0,0,0,0,0,0,0
dog_0849.jpg,1,0,0,0,0,0,0,0,0,0,0
dog_0851.jpg,1,0,0,0,0,0,0,0,0,0,0
dog_0857.jpg,1,0,0,0,0,0,0,0,0,0,0
dog_0859.jpg,1,0,0,0,0,0,0,0,0,0,0
dog_0863.jpg,1,0,0,0,0,0,0,0,0,0,0
dog_0869.jpg,1,0,0,0,0,0,0,0,0,0,0
dog_0886.jpg,1,0,0,0,0,0,0,0,0,0,0
dog_0889.jpg,1,0,0,0,0,0,0,0,0,0,0
cat_0909.jpg,0,1,0,0,0,0,0,0,0,0,0
cat_0911.jpg,0,1,0,0,0,0,0,0,0,0,0
cat_0917.jpg,0,1,0,0,0,0,0,0,0,0,0
cat_0928.jpg,0,1,0,0,0,0,0,0,0,0,0
cat_0933.jpg,0,1,0,0,0,0,0,0,0,0,0
cat_0934.jpg,0,1,0,0,0,0,0,0,0,0,0
cat_0935.jpg,0,1,0,0,0,0,0,0,0,0,0
cat_0936.jpg,0,1,0,0,0,0,0,0,0,0,0
cat_0942.jpg,0,1,0,0,0,0,0,0,0,0,0
cat_0943.jpg,0,1,0,0,0,0,0,0,0,0,0
cat_0957.jpg,0,1,0,0,0,0,0,0,0,0,0
cat_0962.jpg,0,1,0,0,0,0,0,0,0,0,0
cat_1014.jpg,0,1,0,0,0,0,0,0,0,0,0
cat_1025.jpg,0,1,0,0,0,0,0,0,0,0,0
cat_1046.jpg,0,1,0,0,0,0,0,0,0,0,0
snake_1062.jpg,0,0,0,1,0,0,0,0,0,0,0
snake_1067.jpg,0,0,0,1,0,0,0,0,0,0,0
snake_1069.jpg,0,0,0,1,0,0,0,0,0,0,0
snake_1074.jpg,0,0,0,1,0,0,0,0,0,0,0
snake_1077.jpg,0,0,0,1,0,0,0,0,0,0,0
snake_1078.jpg,0,0,0,1,0,0,0,0,0,0,0
snake_1094.jpg,0,0,0,1,0,0,0,0,0,0,0
snake_1096.jpg,0,0,0,1,0,0,0,0,0,0,0
snake_1101.jpg,0,0,0,1,0,0,0,0,0,0,0
snake_1115.jpg,0,0,0,1,0,0,0,0,0,0,0
snake_1124.jpg,0,0,0,1,0,0,0,0,0,0,0
snake_1132.jpg,0,0,0,1,0,0,0,0,0,0,0
snake_1154.jpg,0,0,0,1,0,0,0,0,0,0,0
snake_1191.jpg,0,0,0,1,0,0,0,0,0,0,0
dinosaur_1351.jpg,0,0,0,0,0,0,1,0,0,0,0
dinosaur_1353.jpg,0,0,0,0,0,0,1,0,0,0,0
dinosaur_1355.jpg,0,0,0,0,0,0,1,0,0,0,0
dinosaur_1356.jpg,0,0,0,0,0,0,1,0,0,0,0
dinosaur_1357.jpg,0,0,0,0,0,0,1,0,0,0,0
dinosaur_1360.jpg,0,0,0,0,0,0,1,0,0,0,0
dinosaur_1361.jpg,0,0,0,0,0,0,1,0,0,0,0
dinosaur_1368.jpg,0,0,0,0,0,0,1,0,0,0,0
dinosaur_1378.jpg,0,0,0,0,0,0,1,0,0,0,0
dinosaur_1448.jpg,0,0,0,0,0,0,1,0,0,0,0
dinosaur_1449.jpg,0,0,0,0,0,0,1,0,0,0,0
dinosaur_1468.jpg,0,0,0,0,0,0,1,0,0,0,0
dinosaur_1475.jpg,0,0,0,0,0,0,1,0,0,0,0
dinosaur_1478.jpg,0,0,0,0,0,0,1,0,0,0,0
dinosaur_1481.jpg,0,0,0,0,0,0,1,0,0,0,0
dinosaur_1496.jpg,0,0,0,0,0,0,1,0,0,0,0
dinosaur_1499.jpg,0,0,0,0,0,0,1,0,0,0,0
dinosaur_1217.jpg,0,0,0,0,0,0,1,0,0,0,0
dinosaur_1274.jpg,0,0,0,0,0,0,1,0,0,0,0
dinosaur_1275.jpg,0,0,0,0,0,0,1,0,0,0,0
dinosaur_1288.jpg,0,0,0,0,0,0,1,0,0,0,0
dinosaur_1309.jpg,0,0,0,0,0,0,1,0,0,0,0
dinosaur_1310.jpg,0,0,0,0,0,0,1,0,0,0,0
dinosaur_1321.jpg,0,0,0,0,0,0,1,0,0,0,0
dinosaur_1341.jpg,0,0,0,0,0,0,1,0,0,0,0
dinosaur_1342.jpg,0,0,0,0,0,0,1,0,0,0,0
dinosaur_1350.jpg,0,0,0,0,0,0,1,0,0,0,0
squirrelwolf_0583.jpg,0,0,0,0,0,0,0,1,0,0,1
squirrelcat_0585.jpg,0,1,0,0,0,0,0,1,0,0,0
squirrelcat_0596.jpg,0,1,0,0,0,0,0,1,0,0,0
squirreldog_0590.jpg,1,0,0,0,0,0,0,1,0,0,0
squirrel_0593.jpg,0,0,0,0,0,0,0,1,0,0,0
squirrel_0574.jpg,0,0,0,0,0,0,0,1,0,0,0
squirrelcat_0599.jpg,0,1,0,0,0,0,0,1,0,0,0
squirrelcat_0598.jpg,0,1,0,0,0,0,0,1,0,0,0
squirreldinosaur_0571.jpg,0,0,0,0,0,0,1,1,0,0,0
squirreldog_0589.jpg,1,0,0,0,0,0,0,1,0,0,0
squirreldog_0580.jpg,1,0,0,0,0,0,0,1,0,0,0
squirreldinosaur_0572.jpg,0,0,0,0,0,0,1,1,0,0,0
squirrelcatsnake_0584.jpg,0,1,0,1,0,0,0,1,0,0,0
squirrelcat_0597.jpg,0,1,0,0,0,0,0,1,0,0,0
squirrelwolf_0578.jpg,0,0,0,0,0,0,0,1,0,0,1
squirrel_0573.jpg,0,0,0,0,0,0,0,1,0,0,0
squirrelcat_0586.jpg,0,1,0,0,0,0,0,1,0,0,0
squirrel_0576.jpg,0,0,0,0,0,0,0,1,0,0,0
squirreldog_0582.jpg,1,0,0,0,0,0,0,1,0,0,0
squirrelcat_0595.jpg,0,1,0,0,0,0,0,1,0,0,0
squirrel_0592.jpg,0,0,0,0,0,0,0,1,0,0,0
squirreldog_0581.jpg,1,0,0,0,0,0,0,1,0,0,0
squirrelcat_0575.jpg,0,1,0,0,0,0,0,1,0,0,0
squirrelcat_0565.jpg,0,1,0,0,0,0,0,1,0,0,0
squirreldinosaur_0570.jpg,0,0,0,0,0,0,1,1,0,0,0
squirrelcat_0594.jpg,0,1,0,0,0,0,0,1,0,0,0
squirrelcat_0569.jpg,0,1,0,0,0,0,0,1,0,0,0
squirrel_0591.jpg,0,0,0,0,0,0,0,1,0,0,0
squirreldog_0579.jpg,1,0,0,0,0,0,0,1,0,0,0
squirreldeer_0588.jpg,0,0,0,0,0,1,0,1,0,0,0
squirrelcat_0577.jpg,0,1,0,0,0,0,0,1,0,0,0
squirreldog_0587.jpg,1,0,0,0,0,0,0,1,0,0,0
squirreltiger_0548.jpg,0,0,0,0,0,0,0,1,1,0,0
squirreldeer_0537.jpg,0,0,0,0,0,1,0,1,0,0,0
squirrel_0555.jpg,0,0,0,0,0,0,0,1,0,0,0
squirrel_0542.jpg,0,0,0,0,0,0,0,1,0,0,0
squirreldog_0550.jpg,1,0,0,0,0,0,0,1,0,0,0
squirreldog_0556.jpg,1,0,0,0,0,0,0,1,0,0,0
squirrelrabbit_0553.jpg,0,0,0,0,1,0,0,1,0,0,0
squirrelsnake_0560.jpg,0,0,0,1,0,0,0,1,0,0,0
squirrelrabbit_0539.jpg,0,0,0,0,1,0,0,1,0,0,0
squirrelsnake_0558.jpg,0,0,0,1,0,0,0,1,0,0,0
squirrelcat_0546.jpg,0,1,0,0,0,0,0,1,0,0,0
squirreldog_0529.jpg,1,0,0,0,0,0,0,1,0,0,0
squirrelcat_0563.jpg,0,1,0,0,0,0,0,1,0,0,0
squirrelcat_0541.jpg,0,1,0,0,0,0,0,1,0,0,0
squirrelrabbit_0534.jpg,0,0,0,0,1,0,0,1,0,0,0
squirreldog_0535.jpg,1,0,0,0,0,0,0,1,0,0,0
squirreldog_0538.jpg,1,0,0,0,0,0,0,1,0,0,0
squirrel_0551.jpg,0,0,0,0,0,0,0,1,0,0,0
squirreldog_0549.jpg,1,0,0,0,0,0,0,1,0,0,0
squirrelsnake_0566.jpg,0,0,0,1,0,0,0,1,0,0,0
squirreldeer_0559.jpg,0,0,0,0,0,1,0,1,0,0,0
squirrelcat_0557.jpg,0,1,0,0,0,0,0,1,0,0,0
squirrel_0543.jpg,0,0,0,0,0,0,0,1,0,0,0
squirrelcat_0561.jpg,0,1,0,0,0,0,0,1,0,0,0
squirrelbear_0552.jpg,0,0,1,0,0,0,0,1,0,0,0
squirrelcat_0568.jpg,0,1,0,0,0,0,0,1,0,0,0
squirreldog_0562.jpg,1,0,0,0,0,0,0,1,0,0,0
squirrelrabbit_0532.jpg,0,0,0,0,1,0,0,1,0,0,0
squirreldog_0533.jpg,1,0,0,0,0,0,0,1,0,0,0
squirrelcat_0520.jpg,0,1,0,0,0,0,0,1,0,0,0
squirreldeer_0554.jpg,0,0,0,0,0,1,0,1,0,0,0
squirreldeer_0544.jpg,0,0,0,0,0,1,0,1,0,0,0
squirreldinosaur_0526.jpg,0,0,0,0,0,0,1,1,0,0,0
squirrelcat_0513.jpg,0,1,0,0,0,0,0,1,0,0,0
squirrel_0547.jpg,0,0,0,0,0,0,0,1,0,0,0
squirrel_0524.jpg,0,0,0,0,0,0,0,1,0,0,0
squirrelbear_0508.jpg,0,0,1,0,0,0,0,1,0,0,0
rabbitsquirrel_0536.jpg,0,0,0,0,1,0,0,1,0,0,0
squirrelcat_0525.jpg,0,1,0,0,0,0,0,1,0,0,0
squirrelcat_0517.jpg,0,1,0,0,0,0,0,1,0,0,0
squirrelcat_0523.jpg,0,1,0,0,0,0,0,1,0,0,0
squirrelcat_0518.jpg,0,1,0,0,0,0,0,1,0,0,0
squirrelcat_0521.jpg,0,1,0,0,0,0,0,1,0,0,0
squirrel_0545.jpg,0,0,0,0,0,0,0,1,0,0,0
squirrelcat_0519.jpg,0,1,0,0,0,0,0,1,0,0,0
squirrelcat_0530.jpg,0,1,0,0,0,0,0,1,0,0,0
squirrelcat_0567.jpg,0,1,0,0,0,0,0,1,0,0,0
squirrelrabbit_0531.jpg,0,0,0,0,1,0,0,1,0,0,0
squirrelcat_0564.jpg,0,1,0,0,0,0,0,1,0,0,0
squirreldinosaur_0527.jpg,0,0,0,0,0,0,1,1,0,0,0
squirrel_0482.jpg,0,0,0,0,0,0,0,1,0,0,0
squirrel_0509.jpg,0,0,0,0,0,0,0,1,0,0,0
squirrel_0487.jpg,0,0,0,0,0,0,0,1,0,0,0
squirreldeer_0514.jpg,0,0,0,0,0,1,0,1,0,0,0
squirrelsnake_0493.jpg,0,0,0,1,0,0,0,1,0,0,0
squirreldinosaur_0528.jpg,0,0,0,0,0,0,1,1,0,0,0
squirrel_0484.jpg,0,0,0,0,0,0,0,1,0,0,0
squirreldog_0501.jpg,1,0,0,0,0,0,0,1,0,0,0
squirrel_0489.jpg,0,0,0,0,0,0,0,1,0,0,0
squirrelsnakecat_0512.jpg,0,1,0,1,0,0,0,1,0,0,0
squirreldog_0499.jpg,1,0,0,0,0,0,0,1,0,0,0
squirrelrabbit_0540.jpg,0,0,0,0,1,0,0,1,0,0,0
squirrel_0490.jpg,0,0,0,0,0,0,0,1,0,0,0
squirrelsnake_0480.jpg,0,0,0,1,0,0,0,1,0,0,0
squirreldog_0502.jpg,1,0,0,0,0,0,0,1,0,0,0
squirreldog_0498.jpg,1,0,0,0,0,0,0,1,0,0,0
squirrelsnake_0500.jpg,0,0,0,1,0,0,0,1,0,0,0
squirreldinosaur_0475.jpg,0,0,0,0,0,0,1,1,0,0,0
squirreldog_0497.jpg,1,0,0,0,0,0,0,1,0,0,0
squirreldog_0494.jpg,1,0,0,0,0,0,0,1,0,0,0
squirreldog_0504.jpg,1,0,0,0,0,0,0,1,0,0,0
squirrelsnake_0477.jpg,0,0,0,1,0,0,0,1,0,0,0
squirrel_0488.jpg,0,0,0,0,0,0,0,1,0,0,0
squirreldog_0492.jpg,1,0,0,0,0,0,0,1,0,0,0
squirreldog_0495.jpg,1,0,0,0,0,0,0,1,0,0,0
squirrelcat_0516.jpg,0,1,0,0,0,0,0,1,0,0,0
squirrel_0468.jpg,0,0,0,0,0,0,0,1,0,0,0
squirrelcat_0515.jpg,0,1,0,0,0,0,0,1,0,0,0
squirreldogbear_0503.jpg,1,0,1,0,0,0,0,1,0,0,0
squirrelbear_0506.jpg,0,0,1,0,0,0,0,1,0,0,0
squirrel_0458.jpg,0,0,0,0,0,0,0,1,0,0,0
squirrelcat_0511.jpg,0,1,0,0,0,0,0,1,0,0,0
squirrel_0491.jpg,0,0,0,0,0,0,0,1,0,0,0
squirrelsnake_0478.jpg,0,0,0,1,0,0,0,1,0,0,0
squirrel_0486.jpg,0,0,0,0,0,0,0,1,0,0,0
squirreldeer_0466.jpg,0,0,0,0,0,1,0,1,0,0,0
squirrel_0469.jpg,0,0,0,0,0,0,0,1,0,0,0
squirrel_0481.jpg,0,0,0,0,0,0,0,1,0,0,0
squirrel_0457.jpg,0,0,0,0,0,0,0,1,0,0,0
squirrelrabbit_0522.jpg,0,0,0,0,1,0,0,1,0,0,0
squirrelsnake_0473.jpg,0,0,0,1,0,0,0,1,0,0,0
squirrelsnake_0471.jpg,0,0,0,1,0,0,0,1,0,0,0
squirrel_0455.jpg,0,0,0,0,0,0,0,1,0,0,0
squirrelsnake_0460.jpg,0,0,0,1,0,0,0,1,0,0,0
squirrel_0474.jpg,0,0,0,0,0,0,0,1,0,0,0
squirrel_0461.jpg,0,0,0,0,0,0,0,1,0,0,0
squirrelsnake_0463.jpg,0,0,0,1,0,0,0,1,0,0,0
squirrel_0462.jpg,0,0,0,0,0,0,0,1,0,0,0
squirrelbear_0505.jpg,0,0,1,0,0,0,0,1,0,0,0
squirreldinosaur_0483.jpg,0,0,0,0,0,0,1,1,0,0,0
squirrel_0465.jpg,0,0,0,0,0,0,0,1,0,0,0
squirrel_0452.jpg,0,0,0,0,0,0,0,1,0,0,0
squirreldog_0510.jpg,1,0,0,0,0,0,0,1,0,0,0
squirrel_0479.jpg,0,0,0,0,0,0,0,1,0,0,0
squirreldinosaur_0476.jpg,0,0,0,0,0,0,1,1,0,0,0
squirreldinosaur_0470.jpg,0,0,0,0,0,0,1,1,0,0,0
squirrelwolfsnake_0507.jpg,0,0,0,1,0,0,0,1,0,0,1
squirrel_0459.jpg,0,0,0,0,0,0,0,1,0,0,0
squirrelbear_0485.jpg,0,0,1,0,0,0,0,1,0,0,0
squirrelcat_0496.jpg,0,1,0,0,0,0,0,1,0,0,0
squirrelsnake_0456.jpg,0,0,0,1,0,0,0,1,0,0,0
squirrel_0454.jpg,0,0,0,0,0,0,0,1,0,0,0
squirrel_0451.jpg,0,0,0,0,0,0,0,1,0,0,0
squirrel_0464.jpg,0,0,0,0,0,0,0,1,0,0,0
squirrelrabbit_0467.jpg,0,0,0,0,1,0,0,1,0,0,0
squirrel_0453.jpg,0,0,0,0,0,0,0,1,0,0,0
catwolf_0291.jpg,0,1,0,0,0,0,0,0,0,0,1
catdinosaur_0283.jpg,0,1,0,0,0,0,1,0,0,0,0
catdeer_0292.jpg,0,1,0,0,0,1,0,0,0,0,0
catdinosaur_0298.jpg,0,1,0,0,0,0,1,0,0,0,0
catbear_0299.jpg,0,1,1,0,0,0,0,0,0,0,0
catdeer_0286.jpg,0,1,0,0,0,1,0,0,0,0,0
catdeer_0285.jpg,0,1,0,0,0,1,0,0,0,0,0
catturtle_0295.jpg,0,1,0,0,0,0,0,0,0,1,0
catsquirrel_0271.jpg,0,1,0,0,0,0,0,1,0,0,0
cattiger_0276.jpg,0,1,0,0,0,0,0,0,1,0,0
catsnake_0277.jpg,0,1,0,1,0,0,0,0,0,0,0
cat_0296.jpg,0,1,0,0,0,0,0,0,0,0,0
catwolf_0263.jpg,0,1,0,0,0,0,0,0,0,0,1
cat_0266.jpg,0,1,0,0,0,0,0,0,0,0,0
catrabbit_0269.jpg,0,1,0,0,1,0,0,0,0,0,0
catsnake_0187.jpg,0,1,0,1,0,0,0,0,0,0,0
cat_0289.jpg,0,1,0,0,0,0,0,0,0,0,0
catrabbit_0288.jpg,0,1,0,0,1,0,0,0,0,0,0
catwolftiger_0275.jpg,0,1,0,0,0,0,0,0,1,0,1
catdinosaur_0273.jpg,0,1,0,0,0,0,1,0,0,0,0
catrabbit_0287.jpg,0,1,0,0,1,0,0,0,0,0,0
catwolf_0274.jpg,0,1,0,0,0,0,0,0,0,0,1
catdinosaur_0300.jpg,0,1,0,0,0,0,1,0,0,0,0
catdinosaur_0284.jpg,0,1,0,0,0,0,1,0,0,0,0
cat_0261.jpg,0,1,0,0,0,0,0,0,0,0,0
catdeer_0268.jpg,0,1,0,0,0,1,0,0,0,0,0
catdog_0278.jpg,1,1,0,0,0,0,0,0,0,0,0
catwolf_0282.jpg,0,1,0,0,0,0,0,0,0,0,1
catdog_0279.jpg,1,1,0,0,0,0,0,0,0,0,0
catdinosaur_0272.jpg,0,1,0,0,0,0,1,0,0,0,0
catrabbit_0259.jpg,0,1,0,0,1,0,0,0,0,0,0
cat_0231.jpg,0,1,0,0,0,0,0,0,0,0,0
catbear_0294.jpg,0,1,1,0,0,0,0,0,0,0,0
catdog_0281.jpg,1,1,0,0,0,0,0,0,0,0,0
catdeer_0290.jpg,0,1,0,0,0,1,0,0,0,0,0
cat_0280.jpg,0,1,0,0,0,0,0,0,0,0,0
catdeer_0297.jpg,0,1,0,0,0,1,0,0,0,0,0
cat_0293.jpg,0,1,0,0,0,0,0,0,0,0,0
catsnake_0270.jpg,0,1,0,1,0,0,0,0,0,0,0
catsnakewolf_0265.jpg,0,1,0,1,0,0,0,0,0,0,1
catwolfdeer_0249.jpg,0,1,0,0,0,1,0,0,0,0,1
catsnake_0227.jpg,0,1,0,1,0,0,0,0,0,0,0
catrabbit_0193.jpg,0,1,0,0,1,0,0,0,0,0,0
catwolf_0254.jpg,0,1,0,0,0,0,0,0,0,0,1
catrabbit_0223.jpg,0,1,0,0,1,0,0,0,0,0,0
cattigerwolf_0232.jpg,0,1,0,0,0,0,0,0,1,0,1
cat_0241.jpg,0,1,0,0,0,0,0,0,0,0,0
catsquirrel_0267.jpg,0,1,0,0,0,0,0,1,0,0,0
catdog_0237.jpg,1,1,0,0,0,0,0,0,0,0,0
catsnake_0228.jpg,0,1,0,1,0,0,0,0,0,0,0
catdog_0229.jpg,1,1,0,0,0,0,0,0,0,0,0
catwolfdinosaur_0236.jpg,0,1,0,0,0,0,1,0,0,0,1
cat_0250.jpg,0,1,0,0,0,0,0,0,0,0,0
cattiger_0245.jpg,0,1,0,0,0,0,0,0,1,0,0
catsnake_0258.jpg,0,1,0,1,0,0,0,0,0,0,0
catdog_0234.jpg,1,1,0,0,0,0,0,0,0,0,0
cat_0160.jpg,0,1,0,0,0,0,0,0,0,0,0
catdog_0262.jpg,1,1,0,0,0,0,0,0,0,0,0
catsnake_0230.jpg,0,1,0,1,0,0,0,0,0,0,0
catrabbit_0256.jpg,0,1,0,0,1,0,0,0,0,0,0
catdog_0242.jpg,1,1,0,0,0,0,0,0,0,0,0
catdog_0196.jpg,1,1,0,0,0,0,0,0,0,0,0
catsnake_0239.jpg,0,1,0,1,0,0,0,0,0,0,0
catsquirrel_0204.jpg,0,1,0,0,0,0,0,1,0,0,0
catdeer_0189.jpg,0,1,0,0,0,1,0,0,0,0,0
cat_0221.jpg,0,1,0,0,0,0,0,0,0,0,0
cat_0252.jpg,0,1,0,0,0,0,0,0,0,0,0
catdeer_0198.jpg,0,1,0,0,0,1,0,0,0,0,0
catdog_0218.jpg,1,1,0,0,0,0,0,0,0,0,0
catdog_0248.jpg,1,1,0,0,0,0,0,0,0,0,0
catdog_0238.jpg,1,1,0,0,0,0,0,0,0,0,0
cat_0235.jpg,0,1,0,0,0,0,0,0,0,0,0
catwolf_0208.jpg,0,1,0,0,0,0,0,0,0,0,1
catsquirrel_0219.jpg,0,1,0,0,0,0,0,1,0,0,0
catdog_0251.jpg,1,1,0,0,0,0,0,0,0,0,0
cat_0246.jpg,0,1,0,0,0,0,0,0,0,0,0
catwolf_0206.jpg,0,1,0,0,0,0,0,0,0,0,1
catdog_0213.jpg,1,1,0,0,0,0,0,0,0,0,0
cattiger_0222.jpg,0,1,0,0,0,0,0,0,1,0,0
cat_0202.jpg,0,1,0,0,0,0,0,0,0,0,0
catwolf_0264.jpg,0,1,0,0,0,0,0,0,0,0,1
catsnake_0216.jpg,0,1,0,1,0,0,0,0,0,0,0
cat_0190.jpg,0,1,0,0,0,0,0,0,0,0,0
catsnake_0217.jpg,0,1,0,1,0,0,0,0,0,0,0
catwolf_0211.jpg,0,1,0,0,0,0,0,0,0,0,1
catdinosaur_0233.jpg,0,1,0,0,0,0,1,0,0,0,0
catdog_0212.jpg,1,1,0,0,0,0,0,0,0,0,0
catdog_0243.jpg,1,1,0,0,0,0,0,0,0,0,0
catwolf_0210.jpg,0,1,0,0,0,0,0,0,0,0,1
catwolf_0244.jpg,0,1,0,0,0,0,0,0,0,0,1
catturtle_0209.jpg,0,1,0,0,0,0,0,0,0,1,0
catdog_0186.jpg,1,1,0,0,0,0,0,0,0,0,0
catwolf_0205.jpg,0,1,0,0,0,0,0,0,0,0,1
catdog_0200.jpg,1,1,0,0,0,0,0,0,0,0,0
cat_0255.jpg,0,1,0,0,0,0,0,0,0,0,0
catdog_0214.jpg,1,1,0,0,0,0,0,0,0,0,0
cat_0173.jpg,0,1,0,0,0,0,0,0,0,0,0
catrabbit_0207.jpg,0,1,0,0,1,0,0,0,0,0,0
catrabbit_0182.jpg,0,1,0,0,1,0,0,0,0,0,0
catdeer_0203.jpg,0,1,0,0,0,1,0,0,0,0,0
cat_0176.jpg,0,1,0,0,0,0,0,0,0,0,0
catwolf_0253.jpg,0,1,0,0,0,0,0,0,0,0,1
cat_0179.jpg,0,1,0,0,0,0,0,0,0,0,0
catsquirrel_0180.jpg,0,1,0,0,0,0,0,1,0,0,0
cat_0175.jpg,0,1,0,0,0,0,0,0,0,0,0
catdog_0181.jpg,1,1,0,0,0,0,0,0,0,0,0
cat_0225.jpg,0,1,0,0,0,0,0,0,0,0,0
catwolf_0194.jpg,0,1,0,0,0,0,0,0,0,0,1
catdeerdinosaur_0220.jpg,0,1,0,0,0,1,1,0,0,0,0
cat_0201.jpg,0,1,0,0,0,0,0,0,0,0,0
cat_0177.jpg,0,1,0,0,0,0,0,0,0,0,0
catdog_0191.jpg,1,1,0,0,0,0,0,0,0,0,0
cat_0199.jpg,0,1,0,0,0,0,0,0,0,0,0
catdeer_0178.jpg,0,1,0,0,0,1,0,0,0,0,0
catsnake_0170.jpg,0,1,0,1,0,0,0,0,0,0,0
cat_0185.jpg,0,1,0,0,0,0,0,0,0,0,0
cat_0183.jpg,0,1,0,0,0,0,0,0,0,0,0
catdog_0184.jpg,1,1,0,0,0,0,0,0,0,0,0
cat_0197.jpg,0,1,0,0,0,0,0,0,0,0,0
catwolf_0192.jpg,0,1,0,0,0,0,0,0,0,0,1
cat_0155.jpg,0,1,0,0,0,0,0,0,0,0,0
cat_0159.jpg,0,1,0,0,0,0,0,0,0,0,0
cat_0168.jpg,0,1,0,0,0,0,0,0,0,0,0
cat_0169.jpg,0,1,0,0,0,0,0,0,0,0,0
cat_0171.jpg,0,1,0,0,0,0,0,0,0,0,0
catwolf_0195.jpg,0,1,0,0,0,0,0,0,0,0,1
cat_0156.jpg,0,1,0,0,0,0,0,0,0,0,0
cat_0172.jpg,0,1,0,0,0,0,0,0,0,0,0
catdeer_0164.jpg,0,1,0,0,0,1,0,0,0,0,0
cat_0154.jpg,0,1,0,0,0,0,0,0,0,0,0
cat_0167.jpg,0,1,0,0,0,0,0,0,0,0,0
catdeer_0166.jpg,0,1,0,0,0,1,0,0,0,0,0
cat_0174.jpg,0,1,0,0,0,0,0,0,0,0,0
cat_0158.jpg,0,1,0,0,0,0,0,0,0,0,0
cat_0152.jpg,0,1,0,0,0,0,0,0,0,0,0
cat_0165.jpg,0,1,0,0,0,0,0,0,0,0,0
squirreldeer_1983.jpg,0,0,0,0,0,1,0,1,0,0,0
squirrelrabbit_1952.jpg,0,0,0,0,1,0,0,1,0,0,0
squirreldeer_2060.jpg,0,0,0,0,0,1,0,1,0,0,0
squirrelrabbit_1951.jpg,0,0,0,0,1,0,0,1,0,0,0
squirrelrabbit_1954.jpg,0,0,0,0,1,0,0,1,0,0,0
squirrelrabbit_1958.jpg,0,0,0,0,1,0,0,1,0,0,0
squirrelrabbit_1950.jpg,0,0,0,0,1,0,0,1,0,0,0
squirreltiger_1969.jpg,0,0,0,0,0,0,0,1,1,0,0
squirreldeer_1982.jpg,0,0,0,0,0,1,0,1,0,0,0
squirrelrabbit_1955.jpg,0,0,0,0,1,0,0,1,0,0,0
squirreldeer_1985.jpg,0,0,0,0,0,1,0,1,0,0,0
rabbitsquirrel_1779.jpg,0,0,0,0,1,0,0,1,0,0,0
squirrelrabbit_1953.jpg,0,0,0,0,1,0,0,1,0,0,0
squirreltiger_1967.jpg,0,0,0,0,0,0,0,1,1,0,0
squirreldeer_1976.jpg,0,0,0,0,0,1,0,1,0,0,0
squirreltiger_1973.jpg,0,0,0,0,0,0,0,1,1,0,0
squirrelrabbit_1956.jpg,0,0,0,0,1,0,0,1,0,0,0
squirrelrabbit_1957.jpg,0,0,0,0,1,0,0,1,0,0,0
rabbitsquirrel_1778.jpg,0,0,0,0,1,0,0,1,0,0,0
squirreltiger_1975.jpg,0,0,0,0,0,0,0,1,1,0,0
squirrelrabbit_2017.jpg,0,0,0,0,1,0,0,1,0,0,0
squirreltiger_1966.jpg,0,0,0,0,0,0,0,1,1,0,0
squirrel_2023.jpg,0,0,0,0,0,0,0,1,0,0,0
squirreltiger_1962.jpg,0,0,0,0,0,0,0,1,1,0,0
squirrelrabbit_1947.jpg,0,0,0,0,1,0,0,1,0,0,0
squirrelrabbit_1948.jpg,0,0,0,0,1,0,0,1,0,0,0
squirreltiger_1968.jpg,0,0,0,0,0,0,0,1,1,0,0
squirreltiger_1970.jpg,0,0,0,0,0,0,0,1,1,0,0
squirreldeer_1977.jpg,0,0,0,0,0,1,0,1,0,0,0
squirreltiger_1972.jpg,0,0,0,0,0,0,0,1,1,0,0
squirreldeer_1978.jpg,0,0,0,0,0,1,0,1,0,0,0
squirrelrabbit_1949.jpg,0,0,0,0,1,0,0,1,0,0,0
squirrelrabbit_2016.jpg,0,0,0,0,1,0,0,1,0,0,0
squirreldeer_1980.jpg,0,0,0,0,0,1,0,1,0,0,0
squirrelrabbit_2043.jpg,0,0,0,0,1,0,0,1,0,0,0
rabbitsquirrel_1776.jpg,0,0,0,0,1,0,0,1,0,0,0
catsnake_1108.jpg,0,1,0,1,0,0,0,0,0,0,0
squirrelrabbit_2038.jpg,0,0,0,0,1,0,0,1,0,0,0
squirrelrabbit_2094.jpg,0,0,0,0,1,0,0,1,0,0,0
squirrelrabbit_1961.jpg,0,0,0,0,1,0,0,1,0,0,0
squirreltiger_1964.jpg,0,0,0,0,0,0,0,1,1,0,0
squirreldeer_1990.jpg,0,0,0,0,0,1,0,1,0,0,0
squirrelrabbit_2092.jpg,0,0,0,0,1,0,0,1,0,0,0
squirrel_2028.jpg,0,0,0,0,0,0,0,1,0,0,0
squirreldeer_2053.jpg,0,0,0,0,0,1,0,1,0,0,0
squirrelrabbit_1995.jpg,0,0,0,0,1,0,0,1,0,0,0
squirrelrabbit_2036.jpg,0,0,0,0,1,0,0,1,0,0,0
squirrelrabbit_2037.jpg,0,0,0,0,1,0,0,1,0,0,0
squirreldeer_2052.jpg,0,0,0,0,0,1,0,1,0,0,0
squirreldeer_2051.jpg,0,0,0,0,0,1,0,1,0,0,0
squirreldeer_1989.jpg,0,0,0,0,0,1,0,1,0,0,0
squirreltiger_1963.jpg,0,0,0,0,0,0,0,1,1,0,0
squirrel_2079.jpg,0,0,0,0,0,0,0,1,0,0,0
squirrelrabbit_1960.jpg,0,0,0,0,1,0,0,1,0,0,0
squirrelrabbit_1991.jpg,0,0,0,0,1,0,0,1,0,0,0
squirreltiger_1965.jpg,0,0,0,0,0,0,0,1,1,0,0
squirrel_2077.jpg,0,0,0,0,0,0,0,1,0,0,0
squirrelrabbit_1959.jpg,0,0,0,0,1,0,0,1,0,0,0
squirrelrabbit_1998.jpg,0,0,0,0,1,0,0,1,0,0,0
squirrelrabbit_1994.jpg,0,0,0,0,1,0,0,1,0,0,0
squirrelrabbit_1997.jpg,0,0,0,0,1,0,0,1,0,0,0
squirrel_2078.jpg,0,0,0,0,0,0,0,1,0,0,0
squirrel_2027.jpg,0,0,0,0,0,0,0,1,0,0,0
squirreldeer_1988.jpg,0,0,0,0,0,1,0,1,0,0,0
squirrelrabbit_1999.jpg,0,0,0,0,1,0,0,1,0,0,0
squirrelrabbit_1996.jpg,0,0,0,0,1,0,0,1,0,0,0
squirrelrabbit_2093.jpg,0,0,0,0,1,0,0,1,0,0,0
catsnake_1109.jpg,0,1,0,1,0,0,0,0,0,0,0
catsnake_1110.jpg,0,1,0,1,0,0,0,0,0,0,0
catsnake_1111.jpg,0,1,0,1,0,0,0,0,0,0,0
tigersnake_1112.jpg,0,0,0,1,0,0,0,0,1,0,0
dinosaursnake_1113.jpg,0,0,0,1,0,0,1,0,0,0,0
catsnake_1114.jpg,0,1,0,1,0,0,0,0,0,0,0
catsnake_1116.jpg,0,1,0,1,0,0,0,0,0,0,0
catsnake_1117.jpg,0,1,0,1,0,0,0,0,0,0,0
catsnake_1118.jpg,0,1,0,1,0,0,0,0,0,0,0
catsnake_1119.jpg,0,1,0,1,0,0,0,0,0,0,0
catsnake_1120.jpg,0,1,0,1,0,0,0,0,0,0,0
catsnake_1121.jpg,0,1,0,1,0,0,0,0,0,0,0
catsnake_1122.jpg,0,1,0,1,0,0,0,0,0,0,0
catsnake_1123.jpg,0,1,0,1,0,0,0,0,0,0,0
deersnake_1125.jpg,0,0,0,1,0,1,0,0,0,0,0
catsnake_1126.jpg,0,1,0,1,0,0,0,0,0,0,0
catsnake_1127.jpg,0,1,0,1,0,0,0,0,0,0,0
catsnake_1128.jpg,0,1,0,1,0,0,0,0,0,0,0
catsnake_1129.jpg,0,1,0,1,0,0,0,0,0,0,0
dinosaursnake_1130.jpg,0,0,0,1,0,0,1,0,0,0,0
catsnake_1131.jpg,0,1,0,1,0,0,0,0,0,0,0
catsnake_1133.jpg,0,1,0,1,0,0,0,0,0,0,0
catsnake_1134.jpg,0,1,0,1,0,0,0,0,0,0,0
catsnake_1135.jpg,0,1,0,1,0,0,0,0,0,0,0
catsnake_1136.jpg,0,1,0,1,0,0,0,0,0,0,0
catsnake_1137.jpg,0,1,0,1,0,0,0,0,0,0,0
catsnake_1138.jpg,0,1,0,1,0,0,0,0,0,0,0
dinosaursnake_1139.jpg,0,0,0,1,0,0,1,0,0,0,0
dogsnake_1140.jpg,1,0,0,1,0,0,0,0,0,0,0
catsnake_1141.jpg,0,1,0,1,0,0,0,0,0,0,0
dinosaursnake_1142.jpg,0,0,0,1,0,0,1,0,0,0,0
catsnake_1144.jpg,0,1,0,1,0,0,0,0,0,0,0
catdeersnake_1145.jpg,0,1,0,1,0,1,0,0,0,0,0
dinosaursnake_1146.jpg,0,0,0,1,0,0,1,0,0,0,0
catsnake_1147.jpg,0,1,0,1,0,0,0,0,0,0,0
catsnake_1148.jpg,0,1,0,1,0,0,0,0,0,0,0
dinosaursnake_1149.jpg,0,0,0,1,0,0,1,0,0,0,0
catsnake_1150.jpg,0,1,0,1,0,0,0,0,0,0,0
dinosaursnake_1151.jpg,0,0,0,1,0,0,1,0,0,0,0
catsnake_1152.jpg,0,1,0,1,0,0,0,0,0,0,0
catsnake_1153.jpg,0,1,0,1,0,0,0,0,0,0,0
dinosaursnake_1155.jpg,0,0,0,1,0,0,1,0,0,0,0
catsnake_1156.jpg,0,1,0,1,0,0,0,0,0,0,0
catdinosaursnake_1157.jpg,0,1,0,1,0,0,1,0,0,0,0
catsnake_1158.jpg,0,1,0,1,0,0,0,0,0,0,0
dinosaursnake_1159.jpg,0,0,0,1,0,0,1,0,0,0,0
dinosaursnake_1160.jpg,0,0,0,1,0,0,1,0,0,0,0
dinosaursnake_1161.jpg,0,0,0,1,0,0,1,0,0,0,0
dinosaursnake_1162.jpg,0,0,0,1,0,0,1,0,0,0,0
dogsnake_1163.jpg,1,0,0,1,0,0,0,0,0,0,0
catdinosaursnake_1164.jpg,0,1,0,1,0,0,1,0,0,0,0
dogsnake_1165.jpg,1,0,0,1,0,0,0,0,0,0,0
dinosaursnake_1166.jpg,0,0,0,1,0,0,1,0,0,0,0
catdinosaursnake_1167.jpg,0,1,0,1,0,0,1,0,0,0,0
dinosaursnake_1168.jpg,0,0,0,1,0,0,1,0,0,0,0
catsnake_1169.jpg,0,1,0,1,0,0,0,0,0,0,0
catsnake_1170.jpg,0,1,0,1,0,0,0,0,0,0,0
dinosaursnake_1171.jpg,0,0,0,1,0,0,1,0,0,0,0
catsnake_1172.jpg,0,1,0,1,0,0,0,0,0,0,0
dinosaursnake_1173.jpg,0,0,0,1,0,0,1,0,0,0,0
catsnake_1174.jpg,0,1,0,1,0,0,0,0,0,0,0
catsnake_1175.jpg,0,1,0,1,0,0,0,0,0,0,0
dinosaursnake_1176.jpg,0,0,0,1,0,0,1,0,0,0,0
dinosaursnake_1177.jpg,0,0,0,1,0,0,1,0,0,0,0
catsnake_1178.jpg,0,1,0,1,0,0,0,0,0,0,0
catsnake_1179.jpg,0,1,0,1,0,0,0,0,0,0,0
catsnake_1180.jpg,0,1,0,1,0,0,0,0,0,0,0
catsnake_1181.jpg,0,1,0,1,0,0,0,0,0,0,0
catsnake_1182.jpg,0,1,0,1,0,0,0,0,0,0,0
tigersnake_1183.jpg,0,0,0,1,0,0,0,0,1,0,0
catsnake_1184.jpg,0,1,0,1,0,0,0,0,0,0,0
dinosaursnake_1185.jpg,0,0,0,1,0,0,1,0,0,0,0
dinosaursnake_1186.jpg,0,0,0,1,0,0,1,0,0,0,0
dinosaursnake_1187.jpg,0,0,0,1,0,0,1,0,0,0,0
dinosaursnake_1188.jpg,0,0,0,1,0,0,1,0,0,0,0
catsnake_1189.jpg,0,1,0,1,0,0,0,0,0,0,0
dinosaursnake_1190.jpg,0,0,0,1,0,0,1,0,0,0,0
catdinosaursnake_1192.jpg,0,1,0,1,0,0,1,0,0,0,0
dogsnake_1193.jpg,1,0,0,1,0,0,0,0,0,0,0
dogsnake_1194.jpg,1,0,0,1,0,0,0,0,0,0,0
catsnake_1195.jpg,0,1,0,1,0,0,0,0,0,0,0
catsnake_1196.jpg,0,1,0,1,0,0,0,0,0,0,0
catsnake_1197.jpg,0,1,0,1,0,0,0,0,0,0,0
catsnake_1198.jpg,0,1,0,1,0,0,0,0,0,0,0
catsnake_1199.jpg,0,1,0,1,0,0,0,0,0,0,0
dinosaursnake_1200.jpg,0,0,0,1,0,0,1,0,0,0,0
catdinosaur_1210.jpg,0,1,0,0,0,0,1,0,0,0,0
wolfdinosaur_1235.jpg,0,0,0,0,0,0,1,0,0,0,1
dogdinosaur_1252.jpg,1,0,0,0,0,0,1,0,0,0,0
deerdinosaur_1260.jpg,0,0,0,0,0,1,1,0,0,0,0
snakedinosaur_1261.jpg,0,0,0,1,0,0,1,0,0,0,0
dinosaur_1266.jpg,0,0,0,0,0,0,1,0,0,0,0
catdinosaur_1268.jpg,0,1,0,0,0,0,1,0,0,0,0
dinosaur_1278.jpg,0,0,0,0,0,0,1,0,0,0,0
dogdinosaur_1279.jpg,1,0,0,0,0,0,1,0,0,0,0
turtledinosaur_1280.jpg,0,0,0,0,0,0,1,0,0,1,0
catdinosaur_1283.jpg,0,1,0,0,0,0,1,0,0,0,0
dogdinosaur_1292.jpg,1,0,0,0,0,0,1,0,0,0,0
dogdinosaur_1293.jpg,1,0,0,0,0,0,1,0,0,0,0
catdinosaur_1299.jpg,0,1,0,0,0,0,1,0,0,0,0
catdinosaur_1300.jpg,0,1,0,0,0,0,1,0,0,0,0
catdinosaur_1301.jpg,0,1,0,0,0,0,1,0,0,0,0
dogdinosaur_1325.jpg,1,0,0,0,0,0,1,0,0,0,0
dinosaur_1336.jpg,0,0,0,0,0,0,1,0,0,0,0
catdinosaur_1337.jpg,0,1,0,0,0,0,1,0,0,0,0
turtledinosaur_1345.jpg,0,0,0,0,0,0,1,0,0,1,0
beardog_0150.jpg,1,0,1,0,0,0,0,0,0,0,0
rabbitsquirrel_2250.jpg,0,0,0,0,1,0,0,1,0,0,0
rabbitsquirrel_2249.jpg,0,0,0,0,1,0,0,1,0,0,0
rabbitsquirrel_2248.jpg,0,0,0,0,1,0,0,1,0,0,0
rabbitsquirrel_2247.jpg,0,0,0,0,1,0,0,1,0,0,0
rabbitsquirrel_2246.jpg,0,0,0,0,1,0,0,1,0,0,0
deersquirrel_1937.jpg,0,0,0,0,0,1,0,1,0,0,0
deersquirrel_1943.jpg,0,0,0,0,0,1,0,1,0,0,0
deer_1860.jpg,0,0,0,0,0,1,0,0,0,0,0
deer_1861.jpg,0,0,0,0,0,1,0,0,0,0,0
deer_1862.jpg,0,0,0,0,0,1,0,0,0,0,0
deer_1863.jpg,0,0,0,0,0,1,0,0,0,0,0
deer_1864.jpg,0,0,0,0,0,1,0,0,0,0,0
deer_1865.jpg,0,0,0,0,0,1,0,0,0,0,0
deer_1866.jpg,0,0,0,0,0,1,0,0,0,0,0
deer_1867.jpg,0,0,0,0,0,1,0,0,0,0,0
deer_1868.jpg,0,0,0,0,0,1,0,0,0,0,0
deer_1869.jpg,0,0,0,0,0,1,0,0,0,0,0
rabbitdeer_1566.jpg,0,0,0,0,1,1,0,0,0,0,0
deer_1870.jpg,0,0,0,0,0,1,0,0,0,0,0
deer_1871.jpg,0,0,0,0,0,1,0,0,0,0,0
deer_1872.jpg,0,0,0,0,0,1,0,0,0,0,0
deer_1873.jpg,0,0,0,0,0,1,0,0,0,0,0
deer_1903.jpg,0,0,0,0,0,1,0,0,0,0,0
deer_1905.jpg,0,0,0,0,0,1,0,0,0,0,0
deer_1904.jpg,0,0,0,0,0,1,0,0,0,0,0
deer_1906.jpg,0,0,0,0,0,1,0,0,0,0,0
rabbitdeer_1567.jpg,0,0,0,0,1,1,0,0,0,0,0
deer_1908.jpg,0,0,0,0,0,1,0,0,0,0,0
deer_1907.jpg,0,0,0,0,0,1,0,0,0,0,0
deer_1910.jpg,0,0,0,0,0,1,0,0,0,0,0
deer_1911.jpg,0,0,0,0,0,1,0,0,0,0,0
deer_1909.jpg,0,0,0,0,0,1,0,0,0,0,0
deer_1912.jpg,0,0,0,0,0,1,0,0,0,0,0
deer_1914.jpg,0,0,0,0,0,1,0,0,0,0,0
deer_1913.jpg,0,0,0,0,0,1,0,0,0,0,0
deer_1915.jpg,0,0,0,0,0,1,0,0,0,0,0
deer_1916.jpg,0,0,0,0,0,1,0,0,0,0,0
deer_1917.jpg,0,0,0,0,0,1,0,0,0,0,0
rabbitdeer_1584.jpg,0,0,0,0,1,1,0,0,0,0,0
deer_1918.jpg,0,0,0,0,0,1,0,0,0,0,0
deer_1920.jpg,0,0,0,0,0,1,0,0,0,0,0
deer_1919.jpg,0,0,0,0,0,1,0,0,0,0,0
deer_1924.jpg,0,0,0,0,0,1,0,0,0,0,0
rabbitdeer_1585.jpg,0,0,0,0,1,1,0,0,0,0,0
deer_1923.jpg,0,0,0,0,0,1,0,0,0,0,0
deer_1922.jpg,0,0,0,0,0,1,0,0,0,0,0
deer_1921.jpg,0,0,0,0,0,1,0,0,0,0,0
deer_1926.jpg,0,0,0,0,0,1,0,0,0,0,0
deer_1925.jpg,0,0,0,0,0,1,0,0,0,0,0
deer_1927.jpg,0,0,0,0,0,1,0,0,0,0,0
deer_1928.jpg,0,0,0,0,0,1,0,0,0,0,0
deer_1929.jpg,0,0,0,0,0,1,0,0,0,0,0
rabbitsquirrel_1501.jpg,0,0,0,0,1,0,0,1,0,0,0
deerrabbit_1804.jpg,0,0,0,0,1,1,0,0,0,0,0
deerrabbit_1802.jpg,0,0,0,0,1,1,0,0,0,0,0
deerrabbit_1803.jpg,0,0,0,0,1,1,0,0,0,0,0
deerrabbit_1800.jpg,0,0,0,0,1,1,0,0,0,0,0
deerrabbit_1801.jpg,0,0,0,0,1,1,0,0,0,0,0
deer_1930.jpg,0,0,0,0,0,1,0,0,0,0,0
deer_1931.jpg,0,0,0,0,0,1,0,0,0,0,0
deerrabbit_1805.jpg,0,0,0,0,1,1,0,0,0,0,0
deerrabbit_1806.jpg,0,0,0,0,1,1,0,0,0,0,0
rabbitsquirrel_1620.jpg,0,0,0,0,1,0,0,1,0,0,0
deerrabbit_1807.jpg,0,0,0,0,1,1,0,0,0,0,0
deerrabbit_1811.jpg,0,0,0,0,1,1,0,0,0,0,0
deerrabbit_1808.jpg,0,0,0,0,1,1,0,0,0,0,0
deerrabbit_1813.jpg,0,0,0,0,1,1,0,0,0,0,0
deerrabbit_1812.jpg,0,0,0,0,1,1,0,0,0,0,0
deerrabbit_1810.jpg,0,0,0,0,1,1,0,0,0,0,0
deerrabbit_1809.jpg,0,0,0,0,1,1,0,0,0,0,0
deerrabbit_1814.jpg,0,0,0,0,1,1,0,0,0,0,0
deerrabbit_1815.jpg,0,0,0,0,1,1,0,0,0,0,0
deerrabbit_1816.jpg,0,0,0,0,1,1,0,0,0,0,0
deerrabbit_1817.jpg,0,0,0,0,1,1,0,0,0,0,0
rabbitsquirrel_1633.jpg,0,0,0,0,1,0,0,1,0,0,0
deerrabbit_1823.jpg,0,0,0,0,1,1,0,0,0,0,0
deerrabbit_1819.jpg,0,0,0,0,1,1,0,0,0,0,0
deerrabbit_1820.jpg,0,0,0,0,1,1,0,0,0,0,0
deerrabbit_1821.jpg,0,0,0,0,1,1,0,0,0,0,0
deerrabbit_1822.jpg,0,0,0,0,1,1,0,0,0,0,0
deerrabbit_1824.jpg,0,0,0,0,1,1,0,0,0,0,0
deerrabbit_1818.jpg,0,0,0,0,1,1,0,0,0,0,0
deerrabbit_1825.jpg,0,0,0,0,1,1,0,0,0,0,0
deerrabbit_1826.jpg,0,0,0,0,1,1,0,0,0,0,0
tiger_1682.jpg,0,0,0,0,0,0,0,0,1,0,0
deerrabbit_1829.jpg,0,0,0,0,1,1,0,0,0,0,0
deerrabbit_1832.jpg,0,0,0,0,1,1,0,0,0,0,0
deerrabbit_1831.jpg,0,0,0,0,1,1,0,0,0,0,0
deerrabbit_1834.jpg,0,0,0,0,1,1,0,0,0,0,0
deerrabbit_1828.jpg,0,0,0,0,1,1,0,0,0,0,0
deerrabbit_1835.jpg,0,0,0,0,1,1,0,0,0,0,0
deerrabbit_1830.jpg,0,0,0,0,1,1,0,0,0,0,0
deerrabbit_1827.jpg,0,0,0,0,1,1,0,0,0,0,0
deerrabbit_1836.jpg,0,0,0,0,1,1,0,0,0,0,0
deerrabbit_1833.jpg,0,0,0,0,1,1,0,0,0,0,0
tiger_1686.jpg,0,0,0,0,0,0,0,0,1,0,0
deerrabbit_1837.jpg,0,0,0,0,1,1,0,0,0,0,0
deerrabbit_1843.jpg,0,0,0,0,1,1,0,0,0,0,0
deerrabbit_1842.jpg,0,0,0,0,1,1,0,0,0,0,0
deerrabbit_1839.jpg,0,0,0,0,1,1,0,0,0,0,0
deerrabbit_1840.jpg,0,0,0,0,1,1,0,0,0,0,0
deerrabbit_1838.jpg,0,0,0,0,1,1,0,0,0,0,0
deerrabbit_1844.jpg,0,0,0,0,1,1,0,0,0,0,0
deerrabbit_1874.jpg,0,0,0,0,1,1,0,0,0,0,0
deerrabbit_1875.jpg,0,0,0,0,1,1,0,0,0,0,0
deerrabbit_1841.jpg,0,0,0,0,1,1,0,0,0,0,0
tigerwolf_1660.jpg,0,0,0,0,0,0,0,0,1,0,1
deerrabbit_1883.jpg,0,0,0,0,1,1,0,0,0,0,0
deerrabbit_1880.jpg,0,0,0,0,1,1,0,0,0,0,0
deerrabbit_1876.jpg,0,0,0,0,1,1,0,0,0,0,0
deerrabbit_1882.jpg,0,0,0,0,1,1,0,0,0,0,0
deerrabbit_1881.jpg,0,0,0,0,1,1,0,0,0,0,0
deerrabbit_1878.jpg,0,0,0,0,1,1,0,0,0,0,0
deerrabbit_1879.jpg,0,0,0,0,1,1,0,0,0,0,0
deerrabbit_1877.jpg,0,0,0,0,1,1,0,0,0,0,0
deerrabbit_1884.jpg,0,0,0,0,1,1,0,0,0,0,0
deerrabbit_1885.jpg,0,0,0,0,1,1,0,0,0,0,0
tigerwolf_1678.jpg,0,0,0,0,0,0,0,0,1,0,1
deerrabbit_1886.jpg,0,0,0,0,1,1,0,0,0,0,0
deerrabbit_1895.jpg,0,0,0,0,1,1,0,0,0,0,0
deerrabbit_1888.jpg,0,0,0,0,1,1,0,0,0,0,0
deerrabbit_1896.jpg,0,0,0,0,1,1,0,0,0,0,0
deerrabbit_1887.jpg,0,0,0,0,1,1,0,0,0,0,0
deerrabbit_1889.jpg,0,0,0,0,1,1,0,0,0,0,0
deerrabbit_1892.jpg,0,0,0,0,1,1,0,0,0,0,0
deerrabbit_1894.jpg,0,0,0,0,1,1,0,0,0,0,0
deerrabbit_1890.jpg,0,0,0,0,1,1,0,0,0,0,0
deerrabbit_1893.jpg,0,0,0,0,1,1,0,0,0,0,0
tigerwolf_1721.jpg,0,0,0,0,0,0,0,0,1,0,1
deerrabbit91.jpg,0,0,0,0,1,1,0,0,0,0,0
deerrabbit_1898.jpg,0,0,0,0,1,1,0,0,0,0,0
deerrabbit_1901.jpg,0,0,0,0,1,1,0,0,0,0,0
deerrabbit_1897.jpg,0,0,0,0,1,1,0,0,0,0,0
deersquirrel_1847.jpg,0,0,0,0,0,1,0,1,0,0,0
deersquirrel_1845.jpg,0,0,0,0,0,1,0,1,0,0,0
deerrabbit_1899.jpg,0,0,0,0,1,1,0,0,0,0,0
deerrabbit_1902.jpg,0,0,0,0,1,1,0,0,0,0,0
deerrabbit_1900.jpg,0,0,0,0,1,1,0,0,0,0,0
deersquirrel_1846.jpg,0,0,0,0,0,1,0,1,0,0,0
deersquirrel_1851.jpg,0,0,0,0,0,1,0,1,0,0,0
deersquirrel_1848.jpg,0,0,0,0,0,1,0,1,0,0,0
deersquirrel_1849.jpg,0,0,0,0,0,1,0,1,0,0,0
deersquirrel_1850.jpg,0,0,0,0,0,1,0,1,0,0,0
deersquirrel_1852.jpg,0,0,0,0,0,1,0,1,0,0,0
deersquirrel_1856.jpg,0,0,0,0,0,1,0,1,0,0,0
deersquirrel_1855.jpg,0,0,0,0,0,1,0,1,0,0,0
deersquirrel_1853.jpg,0,0,0,0,0,1,0,1,0,0,0
deersquirrel_1854.jpg,0,0,0,0,0,1,0,1,0,0,0
deersquirrel_1857.jpg,0,0,0,0,0,1,0,1,0,0,0
deersquirrel_1858.jpg,0,0,0,0,0,1,0,1,0,0,0
deersquirrel_1859.jpg,0,0,0,0,0,1,0,1,0,0,0
deersquirrel_1933.jpg,0,0,0,0,0,1,0,1,0,0,0
deersquirrel_1938.jpg,0,0,0,0,0,1,0,1,0,0,0
deersquirrel_1936.jpg,0,0,0,0,0,1,0,1,0,0,0
deersquirrel_1934.jpg,0,0,0,0,0,1,0,1,0,0,0
deersquirrel_1935.jpg,0,0,0,0,0,1,0,1,0,0,0
deersquirrel_1932.jpg,0,0,0,0,0,1,0,1,0,0,0
deersquirrel_1939.jpg,0,0,0,0,0,1,0,1,0,0,0
deersquirrel_1940.jpg,0,0,0,0,0,1,0,1,0,0,0
deersquirrel_1941.jpg,0,0,0,0,0,1,0,1,0,0,0
deersquirrel_1946.jpg,0,0,0,0,0,1,0,1,0,0,0
deersquirrel_1944.jpg,0,0,0,0,0,1,0,1,0,0,0
deersquirrel_1942.jpg,0,0,0,0,0,1,0,1,0,0,0
deersquirrel_1945.jpg,0,0,0,0,0,1,0,1,0,0,0
rabbit__1527.jpg,0,0,0,0,1,0,0,0,0,0,0
rabbit_1528.jpg,0,0,0,0,1,0,0,0,0,0,0
rabbit_1530.jpg,0,0,0,0,1,0,0,0,0,0,0
rabbit_1529.jpg,0,0,0,0,1,0,0,0,0,0,0
rabbit_1531.jpg,0,0,0,0,1,0,0,0,0,0,0
rabbit_1532.jpg,0,0,0,0,1,0,0,0,0,0,0
rabbit_1533.jpg,0,0,0,0,1,0,0,0,0,0,0
rabbit_1534.jpg,0,0,0,0,1,0,0,0,0,0,0
rabbit_1535.jpg,0,0,0,0,1,0,0,0,0,0,0
rabbit_1537.jpg,0,0,0,0,1,0,0,0,0,0,0
rabbit_1539.jpg,0,0,0,0,1,0,0,0,0,0,0
rabbit_1541.jpg,0,0,0,0,1,0,0,0,0,0,0
rabbit_1538.jpg,0,0,0,0,1,0,0,0,0,0,0
rabbit_1536.jpg,0,0,0,0,1,0,0,0,0,0,0
rabbit_1543.jpg,0,0,0,0,1,0,0,0,0,0,0
rabbit_1542.jpg,0,0,0,0,1,0,0,0,0,0,0
rabbit_1609.jpg,0,0,0,0,1,0,0,0,0,0,0
rabbit_1607.jpg,0,0,0,0,1,0,0,0,0,0,0
rabbit_1608.jpg,0,0,0,0,1,0,0,0,0,0,0
rabbit_1610.jpg,0,0,0,0,1,0,0,0,0,0,0
rabbit_1605.jpg,0,0,0,0,1,0,0,0,0,0,0
rabbit_1606.jpg,0,0,0,0,1,0,0,0,0,0,0
rabbit_1611.jpg,0,0,0,0,1,0,0,0,0,0,0
rabbit_1614.jpg,0,0,0,0,1,0,0,0,0,0,0
rabbit_1615.jpg,0,0,0,0,1,0,0,0,0,0,0
rabbitdeer_1518.jpg,0,0,0,0,1,1,0,0,0,0,0
rabbit_1612.jpg,0,0,0,0,1,0,0,0,0,0,0
rabbit_1613.jpg,0,0,0,0,1,0,0,0,0,0,0
rabbitdeer_1519.jpg,0,0,0,0,1,1,0,0,0,0,0
rabbitdeer_1516.jpg,0,0,0,0,1,1,0,0,0,0,0
rabbitdeer_1517.jpg,0,0,0,0,1,1,0,0,0,0,0
rabbitdeer_1521.jpg,0,0,0,0,1,1,0,0,0,0,0
rabbitdeer_1520.jpg,0,0,0,0,1,1,0,0,0,0,0
rabbitdeer_1522.jpg,0,0,0,0,1,1,0,0,0,0,0
rabbitdeer_1523.jpg,0,0,0,0,1,1,0,0,0,0,0
rabbitdeer_1561.jpg,0,0,0,0,1,1,0,0,0,0,0
rabbitdeer_1559.jpg,0,0,0,0,1,1,0,0,0,0,0
rabbitdeer_1525.jpg,0,0,0,0,1,1,0,0,0,0,0
rabbitdeer_1524.jpg,0,0,0,0,1,1,0,0,0,0,0
rabbitdeer_1560.jpg,0,0,0,0,1,1,0,0,0,0,0
rabbitdeer_1526.jpg,0,0,0,0,1,1,0,0,0,0,0
rabbitdeer_1562.jpg,0,0,0,0,1,1,0,0,0,0,0
rabbitdeer_1563.jpg,0,0,0,0,1,1,0,0,0,0,0
rabbitdeer_1564.jpg,0,0,0,0,1,1,0,0,0,0,0
rabbitdeer_1565.jpg,0,0,0,0,1,1,0,0,0,0,0
rabbitdeer_1568.jpg,0,0,0,0,1,1,0,0,0,0,0
rabbitdeer_1569.jpg,0,0,0,0,1,1,0,0,0,0,0
rabbitdeer_1570.jpg,0,0,0,0,1,1,0,0,0,0,0
rabbitdeer_1574.jpg,0,0,0,0,1,1,0,0,0,0,0
rabbitdeer_1572.jpg,0,0,0,0,1,1,0,0,0,0,0
rabbitdeer_1573.jpg,0,0,0,0,1,1,0,0,0,0,0
rabbitdeer_1571.jpg,0,0,0,0,1,1,0,0,0,0,0
rabbitdeer_1576.jpg,0,0,0,0,1,1,0,0,0,0,0
rabbitdeer_1578.jpg,0,0,0,0,1,1,0,0,0,0,0
rabbitdeer_1579.jpg,0,0,0,0,1,1,0,0,0,0,0
rabbitdeer_1575.jpg,0,0,0,0,1,1,0,0,0,0,0
rabbitdeer_1577.jpg,0,0,0,0,1,1,0,0,0,0,0
rabbitdeer_1580.jpg,0,0,0,0,1,1,0,0,0,0,0
rabbitdeer_1581.jpg,0,0,0,0,1,1,0,0,0,0,0
rabbitdeer_1582.jpg,0,0,0,0,1,1,0,0,0,0,0
rabbitsquirrel_1505.jpg,0,0,0,0,1,0,0,1,0,0,0
rabbitsquirrel_1504.jpg,0,0,0,0,1,0,0,1,0,0,0
rabbitdeer_1586.jpg,0,0,0,0,1,1,0,0,0,0,0
rabbitsquirrel_1502.jpg,0,0,0,0,1,0,0,1,0,0,0
rabbitsquirrel_1503.jpg,0,0,0,0,1,0,0,1,0,0,0
rabbitdeer_1583.jpg,0,0,0,0,1,1,0,0,0,0,0
rabbitsquirrel_1506.jpg,0,0,0,0,1,0,0,1,0,0,0
rabbitsquirrel_1507.jpg,0,0,0,0,1,0,0,1,0,0,0
rabbitsquirrel_1508.jpg,0,0,0,0,1,0,0,1,0,0,0
rabbitsquirrel_1509.jpg,0,0,0,0,1,0,0,1,0,0,0
rabbitsquirrel_1510.jpg,0,0,0,0,1,0,0,1,0,0,0
rabbitsquirrel_1511.jpg,0,0,0,0,1,0,0,1,0,0,0
rabbitsquirrel_1512.jpg,0,0,0,0,1,0,0,1,0,0,0
rabbitsquirrel_1513.jpg,0,0,0,0,1,0,0,1,0,0,0
rabbitsquirrel_1514.jpg,0,0,0,0,1,0,0,1,0,0,0
rabbitsquirrel_1515.jpg,0,0,0,0,1,0,0,1,0,0,0
rabbitsquirrel_1544.jpg,0,0,0,0,1,0,0,1,0,0,0
rabbitsquirrel_1545.jpg,0,0,0,0,1,0,0,1,0,0,0
rabbitsquirrel_1546.jpg,0,0,0,0,1,0,0,1,0,0,0
rabbitsquirrel_1547.jpg,0,0,0,0,1,0,0,1,0,0,0
rabbitsquirrel_1548.jpg,0,0,0,0,1,0,0,1,0,0,0
rabbitsquirrel_1550.jpg,0,0,0,0,1,0,0,1,0,0,0
rabbitsquirrel_1551.jpg,0,0,0,0,1,0,0,1,0,0,0
rabbitsquirrel_1549.jpg,0,0,0,0,1,0,0,1,0,0,0
rabbitsquirrel_1552.jpg,0,0,0,0,1,0,0,1,0,0,0
rabbitsquirrel_1553.jpg,0,0,0,0,1,0,0,1,0,0,0
rabbitsquirrel_1554.jpg,0,0,0,0,1,0,0,1,0,0,0
rabbitsquirrel_1555.jpg,0,0,0,0,1,0,0,1,0,0,0
rabbitsquirrel_1556.jpg,0,0,0,0,1,0,0,1,0,0,0
rabbitsquirrel_1617.jpg,0,0,0,0,1,0,0,1,0,0,0
rabbitsquirrel_1557.jpg,0,0,0,0,1,0,0,1,0,0,0
rabbitsquirrel_1616.jpg,0,0,0,0,1,0,0,1,0,0,0
rabbitsquirrel_1618.jpg,0,0,0,0,1,0,0,1,0,0,0
rabbitsquirrel_1619.jpg,0,0,0,0,1,0,0,1,0,0,0
rabbitsquirrel_1621.jpg,0,0,0,0,1,0,0,1,0,0,0
rabbitsquirrel_1622.jpg,0,0,0,0,1,0,0,1,0,0,0
rabbitsquirrel_1623.jpg,0,0,0,0,1,0,0,1,0,0,0
rabbitsquirrel_1626.jpg,0,0,0,0,1,0,0,1,0,0,0
rabbitsquirrel_1624.jpg,0,0,0,0,1,0,0,1,0,0,0
rabbitsquirrel_1625.jpg,0,0,0,0,1,0,0,1,0,0,0
rabbitsquirrel_1628.jpg,0,0,0,0,1,0,0,1,0,0,0
rabbitsquirrel_1629.jpg,0,0,0,0,1,0,0,1,0,0,0
rabbitsquirrel_1627.jpg,0,0,0,0,1,0,0,1,0,0,0
rabbitsquirrel_1630.jpg,0,0,0,0,1,0,0,1,0,0,0
rabbitsquirrel_1631.jpg,0,0,0,0,1,0,0,1,0,0,0
rabbitsquirrel_1634.jpg,0,0,0,0,1,0,0,1,0,0,0
rabbitsquirrel_1632.jpg,0,0,0,0,1,0,0,1,0,0,0
rabbitsquirrel_1635.jpg,0,0,0,0,1,0,0,1,0,0,0
rabbitsquirrel_1636.jpg,0,0,0,0,1,0,0,1,0,0,0
rabbitsquirrel_1637.jpg,0,0,0,0,1,0,0,1,0,0,0
rabbitsquirrel_1639.jpg,0,0,0,0,1,0,0,1,0,0,0
rabbitsquirrel_1640.jpg,0,0,0,0,1,0,0,1,0,0,0
rabbitsquirrel_1641.jpg,0,0,0,0,1,0,0,1,0,0,0
rabbitsquirrel_1642.jpg,0,0,0,0,1,0,0,1,0,0,0
rabbitsquirrel_1643.jpg,0,0,0,0,1,0,0,1,0,0,0
rabbitsquirrel_1644.jpg,0,0,0,0,1,0,0,1,0,0,0
rabbitsquirrel_1645.jpg,0,0,0,0,1,0,0,1,0,0,0
rabbitsquirrel_1646.jpg,0,0,0,0,1,0,0,1,0,0,0
rabbitsquirrel_1648.jpg,0,0,0,0,1,0,0,1,0,0,0
rabbitsquirrel_1649.jpg,0,0,0,0,1,0,0,1,0,0,0
tiger_1681.jpg,0,0,0,0,0,0,0,0,1,0,0
tiger_1683.jpg,0,0,0,0,0,0,0,0,1,0,0
tiger_1684.jpg,0,0,0,0,0,0,0,0,1,0,0
tiger_1685.jpg,0,0,0,0,0,0,0,0,1,0,0
tiger_1689.jpg,0,0,0,0,0,0,0,0,1,0,0
tiger_1690.jpg,0,0,0,0,0,0,0,0,1,0,0
tiger_1687.jpg,0,0,0,0,0,0,0,0,1,0,0
tiger_1691.jpg,0,0,0,0,0,0,0,0,1,0,0
tiger_1692.jpg,0,0,0,0,0,0,0,0,1,0,0
tiger_1693.jpg,0,0,0,0,0,0,0,0,1,0,0
tiger_1694.jpg,0,0,0,0,0,0,0,0,1,0,0
tigerwolf _1652.jpg,0,0,0,0,0,0,0,0,1,0,1
tiger_1695.jpg,0,0,0,0,0,0,0,0,1,0,0
tiger_1771.jpg,0,0,0,0,0,0,0,0,1,0,0
tigerwolf_1650.jpg,0,0,0,0,0,0,0,0,1,0,1
tigerwolf_1653.jpg,0,0,0,0,0,0,0,0,1,0,1
tigerwolf_1651.jpg,0,0,0,0,0,0,0,0,1,0,1
tigerwolf_1654.jpg,0,0,0,0,0,0,0,0,1,0,1
tigerwolf_1655.jpg,0,0,0,0,0,0,0,0,1,0,1
tigerwolf_1656.jpg,0,0,0,0,0,0,0,0,1,0,1
tigerwolf_1657.jpg,0,0,0,0,0,0,0,0,1,0,1
tigerwolf_1658.jpg,0,0,0,0,0,0,0,0,1,0,1
tigerwolf_1659.jpg,0,0,0,0,0,0,0,0,1,0,1
tigerwolf_1662.jpg,0,0,0,0,0,0,0,0,1,0,1
tigerwolf_1661.jpg,0,0,0,0,0,0,0,0,1,0,1
tigerwolf_1663.jpg,0,0,0,0,0,0,0,0,1,0,1
tigerwolf_1664.jpg,0,0,0,0,0,0,0,0,1,0,1
tigerwolf_1665.jpg,0,0,0,0,0,0,0,0,1,0,1
tigerwolf_1666.jpg,0,0,0,0,0,0,0,0,1,0,1
tigerwolf_1667.jpg,0,0,0,0,0,0,0,0,1,0,1
tigerwolf_1668.jpg,0,0,0,0,0,0,0,0,1,0,1
tigerwolf_1669.jpg,0,0,0,0,0,0,0,0,1,0,1
tigerwolf_1670.jpg,0,0,0,0,0,0,0,0,1,0,1
tigerwolf_1671.jpg,0,0,0,0,0,0,0,0,1,0,1
tigerwolf_1672.jpg,0,0,0,0,0,0,0,0,1,0,1
tigerwolf_1674.jpg,0,0,0,0,0,0,0,0,1,0,1
tigerwolf_1676.jpg,0,0,0,0,0,0,0,0,1,0,1
tigerwolf_1673.jpg,0,0,0,0,0,0,0,0,1,0,1
tigerwolf_1677.jpg,0,0,0,0,0,0,0,0,1,0,1
tigerwolf_1679.jpg,0,0,0,0,0,0,0,0,1,0,1
tigerwolf_1675.jpg,0,0,0,0,0,0,0,0,1,0,1
tigerwolf_1696.jpg,0,0,0,0,0,0,0,0,1,0,1
tigerwolf_1680.jpg,0,0,0,0,0,0,0,0,1,0,1
tigerwolf_1697.jpg,0,0,0,0,0,0,0,0,1,0,1
tigerwolf_1700.jpg,0,0,0,0,0,0,0,0,1,0,1
tigerwolf_1699.jpg,0,0,0,0,0,0,0,0,1,0,1
tigerwolf_1698.jpg,0,0,0,0,0,0,0,0,1,0,1
tigerwolf_1701.jpg,0,0,0,0,0,0,0,0,1,0,1
tigerwolf_1704.jpg,0,0,0,0,0,0,0,0,1,0,1
tigerwolf_1705.jpg,0,0,0,0,0,0,0,0,1,0,1
tigerwolf_1706.jpg,0,0,0,0,0,0,0,0,1,0,1
tigerwolf_1702.jpg,0,0,0,0,0,0,0,0,1,0,1
tigerwolf_1707.jpg,0,0,0,0,0,0,0,0,1,0,1
tigerwolf_1708.jpg,0,0,0,0,0,0,0,0,1,0,1
tigerwolf_1709.jpg,0,0,0,0,0,0,0,0,1,0,1
tigerwolf_1710.jpg,0,0,0,0,0,0,0,0,1,0,1
tigerwolf_1711.jpg,0,0,0,0,0,0,0,0,1,0,1
tigerwolf_1712.jpg,0,0,0,0,0,0,0,0,1,0,1
tigerwolf_1713.jpg,0,0,0,0,0,0,0,0,1,0,1
tigerwolf_1714.jpg,0,0,0,0,0,0,0,0,1,0,1
tigerwolf_1716.jpg,0,0,0,0,0,0,0,0,1,0,1
tigerwolf_1715.jpg,0,0,0,0,0,0,0,0,1,0,1
tigerwolf_1717.jpg,0,0,0,0,0,0,0,0,1,0,1
tigerwolf_1719.jpg,0,0,0,0,0,0,0,0,1,0,1
tigerwolf_1718.jpg,0,0,0,0,0,0,0,0,1,0,1
tigerwolf_1720.jpg,0,0,0,0,0,0,0,0,1,0,1
tigerwolf_1722.jpg,0,0,0,0,0,0,0,0,1,0,1
tigerwolf_1724.jpg,0,0,0,0,0,0,0,0,1,0,1
tigerwolf_1723.jpg,0,0,0,0,0,0,0,0,1,0,1
tigerwolf_1725.jpg,0,0,0,0,0,0,0,0,1,0,1
tigerwolf_1727.jpg,0,0,0,0,0,0,0,0,1,0,1
tigerwolf_1726.jpg,0,0,0,0,0,0,0,0,1,0,1
tigerwolf_1730.jpg,0,0,0,0,0,0,0,0,1,0,1
tigerwolf_1728.jpg,0,0,0,0,0,0,0,0,1,0,1
tigerwolf_1729.jpg,0,0,0,0,0,0,0,0,1,0,1
tigerwolf_1731.jpg,0,0,0,0,0,0,0,0,1,0,1
tigerwolf_1732.jpg,0,0,0,0,0,0,0,0,1,0,1
tigerwolf_1733.jpg,0,0,0,0,0,0,0,0,1,0,1
tigerwolf_1734.jpg,0,0,0,0,0,0,0,0,1,0,1
tigerwolf_1735.jpg,0,0,0,0,0,0,0,0,1,0,1
tigerwolf_1736.jpg,0,0,0,0,0,0,0,0,1,0,1
tigerwolf_1737.jpg,0,0,0,0,0,0,0,0,1,0,1
tigerwolf_1739.jpg,0,0,0,0,0,0,0,0,1,0,1
tigerwolf_1738.jpg,0,0,0,0,0,0,0,0,1,0,1
tigerwolf_1740.jpg,0,0,0,0,0,0,0,0,1,0,1
wolf_1993.jpg,0,0,0,0,0,0,0,0,0,0,1
wolf_2239.jpg,0,0,0,0,0,0,0,0,0,0,1
wolfdeer_1646.jpg,0,0,0,0,0,1,0,0,0,0,1
wolfdeer_1649.jpg,0,0,0,0,0,1,0,0,0,0,1
wolfdeer_1648.jpg,0,0,0,0,0,1,0,0,0,0,1
wolfdeer_1781.jpg,0,0,0,0,0,1,0,0,0,0,1
wolfdeer_1792.jpg,0,0,0,0,0,1,0,0,0,0,1
catrabbit_0188.jpg,0,1,0,0,1,0,0,0,0,0,0
catdog_0215.jpg,1,1,0,0,0,0,0,0,0,0,0
cat_0162.jpg,0,1,0,0,0,0,0,0,0,0,0
catrabbit_0163.jpg,0,1,0,0,1,0,0,0,0,0,0
catwolf_0247.jpg,0,1,0,0,0,0,0,0,0,0,1
catdog_0224.jpg,1,1,0,0,0,0,0,0,0,0,0
catwolf_0257.jpg,0,1,0,0,0,0,0,0,0,0,1
catdog_0260.jpg,1,1,0,0,0,0,0,0,0,0,0
cat_0226.jpg,0,1,0,0,0,0,0,0,0,0,0
catdog_0240.jpg,1,1,0,0,0,0,0,0,0,0,0
rabbitsquirre_1781.jpg,0,0,0,0,1,0,0,0,0,0,0
rabbitsquirrel_1638.jpg,0,0,0,0,1,0,0,1,0,0,0
tiger_1767.jpg,0,0,0,0,0,0,0,0,1,0,0
tiger_1751.jpg,0,0,0,0,0,0,0,0,1,0,0
tiger_1762.jpg,0,0,0,0,0,0,0,0,1,0,0
tiger_1769.jpg,0,0,0,0,0,0,0,0,1,0,0
tiger_1768.jpg,0,0,0,0,0,0,0,0,1,0,0
tiger_1770.jpg,0,0,0,0,0,0,0,0,1,0,0
tiger_1757.jpg,0,0,0,0,0,0,0,0,1,0,0
tiger_1758.jpg,0,0,0,0,0,0,0,0,1,0,0
tiger_1759.jpg,0,0,0,0,0,0,0,0,1,0,0
tiger_1761.jpg,0,0,0,0,0,0,0,0,1,0,0
tiger_1764.jpg,0,0,0,0,0,0,0,0,1,0,0
tiger_1766.jpg,0,0,0,0,0,0,0,0,1,0,0
tiger_1765.jpg,0,0,0,0,0,0,0,0,1,0,0
tiger_1750.jpg,0,0,0,0,0,0,0,0,1,0,0
tiger_1752.jpg,0,0,0,0,0,0,0,0,1,0,0
tiger_1753.jpg,0,0,0,0,0,0,0,0,1,0,0
tiger_1754.jpg,0,0,0,0,0,0,0,0,1,0,0
tiger_1756.jpg,0,0,0,0,0,0,0,0,1,0,0
tiger_1755.jpg,0,0,0,0,0,0,0,0,1,0,0
tiger_1760.jpg,0,0,0,0,0,0,0,0,1,0,0
tiger_1748.jpg,0,0,0,0,0,0,0,0,1,0,0
tiger_1749.jpg,0,0,0,0,0,0,0,0,1,0,0
tiger_1747.jpg,0,0,0,0,0,0,0,0,1,0,0
tiger_1746.jpg,0,0,0,0,0,0,0,0,1,0,0
tiger_1745.jpg,0,0,0,0,0,0,0,0,1,0,0
tiger_1744.jpg,0,0,0,0,0,0,0,0,1,0,0
tiger_1742.jpg,0,0,0,0,0,0,0,0,1,0,0
tiger_1743.jpg,0,0,0,0,0,0,0,0,1,0,0
tiger_1741.jpg,0,0,0,0,0,0,0,0,1,0,0
catrabbit_0153.jpg,0,1,0,0,1,0,0,0,0,0,0
cat_0161.jpg,0,1,0,0,0,0,0,0,0,0,0
cat_0157.jpg,0,1,0,0,0,0,0,0,0,0,0
beardog_0136.jpg,1,0,1,0,0,0,0,0,0,0,0
bearrabbit_0126.jpg,0,0,1,0,1,0,0,0,0,0,0
bear_0145.jpg,0,0,1,0,0,0,0,0,0,0,0
bearcat_0130.jpg,0,1,1,0,0,0,0,0,0,0,0
bearmonekey_0140.jpg,0,0,1,0,0,0,0,0,0,0,0
beardinosaur_0142.jpg,0,0,1,0,0,0,1,0,0,0,0
cat_0151.jpg,0,1,0,0,0,0,0,0,0,0,0
beardog_0141.jpg,1,0,1,0,0,0,0,0,0,0,0
beardog_0138.jpg,1,0,1,0,0,0,0,0,0,0,0
bearcat_0123.jpg,0,1,1,0,0,0,0,0,0,0,0
bearsquirrel_0121.jpg,0,0,1,0,0,0,0,1,0,0,0
bear_0148.jpg,0,0,1,0,0,0,0,0,0,0,0
beardinosaur_0131.jpg,0,0,1,0,0,0,1,0,0,0,0
bear_0147.jpg,0,0,1,0,0,0,0,0,0,0,0
bear_0135.jpg,0,0,1,0,0,0,0,0,0,0,0
bear_0137.jpg,0,0,1,0,0,0,0,0,0,0,0
bear_0129.jpg,0,0,1,0,0,0,0,0,0,0,0
bear_0139.jpg,0,0,1,0,0,0,0,0,0,0,0
beardinosaur_0143.jpg,0,0,1,0,0,0,1,0,0,0,0
bearrabbit_0124.jpg,0,0,1,0,1,0,0,0,0,0,0
beardog_0134.jpg,1,0,1,0,0,0,0,0,0,0,0
beardinosaur_0144.jpg,0,0,1,0,0,0,1,0,0,0,0
bear_0133.jpg,0,0,1,0,0,0,0,0,0,0,0
beardinosaur_0132.jpg,0,0,1,0,0,0,1,0,0,0,0
beartiger_0146.jpg,0,0,1,0,0,0,0,0,1,0,0
bearsquirrel_0122.jpg,0,0,1,0,0,0,0,1,0,0,0
beardinosaur_0118.jpg,0,0,1,0,0,0,1,0,0,0,0
beardinosaur_0111.jpg,0,0,1,0,0,0,1,0,0,0,0
bearcat_0103.jpg,0,1,1,0,0,0,0,0,0,0,0
bearsnake_0105.jpg,0,0,1,1,0,0,0,0,0,0,0
beardinosaur_0115.jpg,0,0,1,0,0,0,1,0,0,0,0
beardinosaur_0114.jpg,0,0,1,0,0,0,1,0,0,0,0
beardog_0107.jpg,1,0,1,0,0,0,0,0,0,0,0
beardinosaur_0100.jpg,0,0,1,0,0,0,1,0,0,0,0
beardog_0113.jpg,1,0,1,0,0,0,0,0,0,0,0
beardog_0110.jpg,1,0,1,0,0,0,0,0,0,0,0
bear_0109.jpg,0,0,1,0,0,0,0,0,0,0,0
beardinosaur_0116.jpg,0,0,1,0,0,0,1,0,0,0,0
beardinosaur_0119.jpg,0,0,1,0,0,0,1,0,0,0,0
beardog_0106.jpg,1,0,1,0,0,0,0,0,0,0,0
beardog_0112.jpg,1,0,1,0,0,0,0,0,0,0,0
beardinosaur_0101.jpg,0,0,1,0,0,0,1,0,0,0,0
bear_0128.jpg,0,0,1,0,0,0,0,0,0,0,0
bear_0127.jpg,0,0,1,0,0,0,0,0,0,0,0
beardinosaursquirrel_0097.jpg,0,0,1,0,0,0,1,1,0,0,0
beardog_0099.jpg,1,0,1,0,0,0,0,0,0,0,0
beardinosaur_0120.jpg,0,0,1,0,0,0,1,0,0,0,0
beartiger_0117.jpg,0,0,1,0,0,0,0,0,1,0,0
bearrabbit_0125.jpg,0,0,1,0,1,0,0,0,0,0,0
beardinosaur_0089.jpg,0,0,1,0,0,0,1,0,0,0,0
bear_0082.jpg,0,0,1,0,0,0,0,0,0,0,0
beardinosaur_0093.jpg,0,0,1,0,0,0,1,0,0,0,0
beardinosaur_0096.jpg,0,0,1,0,0,0,1,0,0,0,0
beardinosaur_0088.jpg,0,0,1,0,0,0,1,0,0,0,0
beardinosaur_0094.jpg,0,0,1,0,0,0,1,0,0,0,0
beardinosaursnake_0104.jpg,0,0,1,1,0,0,1,0,0,0,0
bearcat_0102.jpg,0,1,1,0,0,0,0,0,0,0,0
bear_0085.jpg,0,0,1,0,0,0,0,0,0,0,0
bearcat_0072.jpg,0,1,1,0,0,0,0,0,0,0,0
beardinosaur_0087.jpg,0,0,1,0,0,0,1,0,0,0,0
beardinosaur_0090.jpg,0,0,1,0,0,0,1,0,0,0,0
beardinosaur_0098.jpg,0,0,1,0,0,0,1,0,0,0,0
beardinosaur_0091.jpg,0,0,1,0,0,0,1,0,0,0,0
bear_0092.jpg,0,0,1,0,0,0,0,0,0,0,0
beardinosaur_0086.jpg,0,0,1,0,0,0,1,0,0,0,0
bearsquirrel_0108.jpg,0,0,1,0,0,0,0,1,0,0,0
beardog_0081.jpg,1,0,1,0,0,0,0,0,0,0,0
beardinosaur_0095.jpg,0,0,1,0,0,0,1,0,0,0,0
beardog_0064.jpg,1,0,1,0,0,0,0,0,0,0,0
beardeer_0084.jpg,0,0,1,0,0,1,0,0,0,0,0
bearsquirrel_0068.jpg,0,0,1,0,0,0,0,1,0,0,0
beardinosaur_0052.jpg,0,0,1,0,0,0,1,0,0,0,0
beardinosaur0149.jpeg,0,0,1,0,0,0,1,0,0,0,0
bearcat_0074.jpg,0,1,1,0,0,0,0,0,0,0,0
beardinosaur_0077.jpg,0,0,1,0,0,0,1,0,0,0,0
beartiger_0059.jpg,0,0,1,0,0,0,0,0,1,0,0
beardog_0080.jpg,1,0,1,0,0,0,0,0,0,0,0
bearcat_0061.jpg,0,1,1,0,0,0,0,0,0,0,0
beardog_0073.jpg,1,0,1,0,0,0,0,0,0,0,0
bearcat_0066.jpg,0,1,1,0,0,0,0,0,0,0,0
beardeer_0070.jpg,0,0,1,0,0,1,0,0,0,0,0
bearcat_0063.jpg,0,1,1,0,0,0,0,0,0,0,0
bear_0076.jpg,0,0,1,0,0,0,0,0,0,0,0
bearcat_0067.jpg,0,1,1,0,0,0,0,0,0,0,0
beardog_0075.jpg,1,0,1,0,0,0,0,0,0,0,0
bearcat_0062.jpg,0,1,1,0,0,0,0,0,0,0,0
beardinosaur_0055.jpg,0,0,1,0,0,0,1,0,0,0,0
bearrabbit_0083.jpg,0,0,1,0,1,0,0,0,0,0,0
bear_0057.jpg,0,0,1,0,0,0,0,0,0,0,0
beardog_0079.jpg,1,0,1,0,0,0,0,0,0,0,0
beardog_0054.jpg,1,0,1,0,0,0,0,0,0,0,0
beardinosaur_0071.jpg,0,0,1,0,0,0,1,0,0,0,0
bear_0038.jpg,0,0,1,0,0,0,0,0,0,0,0
beardog_0051.jpg,1,0,1,0,0,0,0,0,0,0,0
bear_0035.jpg,0,0,1,0,0,0,0,0,0,0,0
bear_0049.jpg,0,0,1,0,0,0,0,0,0,0,0
beardinosaur_0056.jpg,0,0,1,0,0,0,1,0,0,0,0
bear_0043.jpg,0,0,1,0,0,0,0,0,0,0,0
beartiger_0037.jpg,0,0,1,0,0,0,0,0,1,0,0
bear_0058.jpg,0,0,1,0,0,0,0,0,0,0,0
beardinosaur_0048.jpg,0,0,1,0,0,0,1,0,0,0,0
bearsquirrel_0060.jpg,0,0,1,0,0,0,0,1,0,0,0
bear_0036.jpg,0,0,1,0,0,0,0,0,0,0,0
bear_0040.jpg,0,0,1,0,0,0,0,0,0,0,0
bearwolf_0034.jpg,0,0,1,0,0,0,0,0,0,0,1
beartiger_0039.jpg,0,0,1,0,0,0,0,0,1,0,0
beardinosaur_0047.jpg,0,0,1,0,0,0,1,0,0,0,0
bearcat_0069.jpg,0,1,1,0,0,0,0,0,0,0,0
beardinosaur_0046.jpg,0,0,1,0,0,0,1,0,0,0,0
beartiger_0033.jpg,0,0,1,0,0,0,0,0,1,0,0
bearcat_0050.jpg,0,1,1,0,0,0,0,0,0,0,0
beardinosaur_0045.jpg,0,0,1,0,0,0,1,0,0,0,0
beardog_0065.jpg,1,0,1,0,0,0,0,0,0,0,0
bear_0041.jpg,0,0,1,0,0,0,0,0,0,0,0
bearcat_0016.jpg,0,1,1,0,0,0,0,0,0,0,0
beartiger_0027.jpg,0,0,1,0,0,0,0,0,1,0,0
beardog_0021.jpg,1,0,1,0,0,0,0,0,0,0,0
bearcat_0018.jpg,0,1,1,0,0,0,0,0,0,0,0
beartiger_0028.jpg,0,0,1,0,0,0,0,0,1,0,0
bear_0010.jpg,0,0,1,0,0,0,0,0,0,0,0
beartiger_0029.jpg,0,0,1,0,0,0,0,0,1,0,0
bearcat_0020.jpg,0,1,1,0,0,0,0,0,0,0,0
beardinosaur_0026.jpg,0,0,1,0,0,0,1,0,0,0,0
bear_0024.jpg,0,0,1,0,0,0,0,0,0,0,0
beardinosaur_0022.jpg,0,0,1,0,0,0,1,0,0,0,0
beartiger_0031.jpg,0,0,1,0,0,0,0,0,1,0,0
bear_0042.jpg,0,0,1,0,0,0,0,0,0,0,0
beardinosaur_0009.jpg,0,0,1,0,0,0,1,0,0,0,0
beardinosaur_0015.jpg,0,0,1,0,0,0,1,0,0,0,0
beartiger_0023.jpg,0,0,1,0,0,0,0,0,1,0,0
bearcat_0017.jpg,0,1,1,0,0,0,0,0,0,0,0
beardog_0025.jpg,1,0,1,0,0,0,0,0,0,0,0
bear_0032.jpg,0,0,1,0,0,0,0,0,0,0,0
bearturtle_0019.jpg,0,0,1,0,0,0,0,0,0,1,0
bear_0007.jpg,0,0,1,0,0,0,0,0,0,0,0
bear_0011.jpg,0,0,1,0,0,0,0,0,0,0,0
beardinosaur_0078.jpg,0,0,1,0,0,0,1,0,0,0,0
beardog_0053.jpg,1,0,1,0,0,0,0,0,0,0,0
beardeer_0002.jpg,0,0,1,0,0,1,0,0,0,0,0
bearcat_0003.jpg,0,1,1,0,0,0,0,0,0,0,0
beardog_0006.jpg,1,0,1,0,0,0,0,0,0,0,0
bear_0013.jpg,0,0,1,0,0,0,0,0,0,0,0
bearrabbit_0001.jpg,0,0,1,0,1,0,0,0,0,0,0
beardog_0008.jpg,1,0,1,0,0,0,0,0,0,0,0
beardog_0004.jpg,1,0,1,0,0,0,0,0,0,0,0
bear_0030.jpg,0,0,1,0,0,0,0,0,0,0,0
bear_0005.jpg,0,0,1,0,0,0,0,0,0,0,0
beardog_0012.jpg,1,0,1,0,0,0,0,0,0,0,0
beardinosaur_0014.jpg,0,0,1,0,0,0,1,0,0,0,0
turtledinosaur_0750.jpg,0,0,0,0,0,0,1,0,0,1,0
turtlerabbit_0728.jpg,0,0,0,0,1,0,0,0,0,1,0
turtledog_0741.jpg,1,0,0,0,0,0,0,0,0,1,0
turtledog_0721.jpg,1,0,0,0,0,0,0,0,0,1,0
turtlecat_0727.jpg,0,1,0,0,0,0,0,0,0,1,0
turtlebear_0747.jpg,0,0,1,0,0,0,0,0,0,1,0
turtlerabbit_0732.jpg,0,0,0,0,1,0,0,0,0,1,0
turtledog_0736.jpg,1,0,0,0,0,0,0,0,0,1,0
turtle_0742.jpg,0,0,0,0,0,0,0,0,0,1,0
turtlecat_0726.jpg,0,1,0,0,0,0,0,0,0,1,0
turtledinosaur_0749.jpg,0,0,0,0,0,0,1,0,0,1,0
turtlecat_0730.jpg,0,1,0,0,0,0,0,0,0,1,0
turtledog_0738.jpg,1,0,0,0,0,0,0,0,0,1,0
turtledinosaur_0748.jpg,0,0,0,0,0,0,1,0,0,1,0
turtlerabbit_0733.jpg,0,0,0,0,1,0,0,0,0,1,0
turtlecat_0729.jpg,0,1,0,0,0,0,0,0,0,1,0
turtle_0734.jpg,0,0,0,0,0,0,0,0,0,1,0
turtle_0737.jpg,0,0,0,0,0,0,0,0,0,1,0
turtlebear_0723.jpg,0,0,1,0,0,0,0,0,0,1,0
turtlebear_0725.jpg,0,0,1,0,0,0,0,0,0,1,0
turtledog_0735.jpg,1,0,0,0,0,0,0,0,0,1,0
turtledog_0743.jpg,1,0,0,0,0,0,0,0,0,1,0
turtlecat_0722.jpg,0,1,0,0,0,0,0,0,0,1,0
turtledog_0746.jpg,1,0,0,0,0,0,0,0,0,1,0
turtlesquirrel_0744.jpg,0,0,0,0,0,0,0,1,0,1,0
turtlebear_0740.jpg,0,0,1,0,0,0,0,0,0,1,0
turtledog_0719.jpg,1,0,0,0,0,0,0,0,0,1,0
turtledinosaur_0710.jpg,0,0,0,0,0,0,1,0,0,1,0
turtledog_0705.jpg,1,0,0,0,0,0,0,0,0,1,0
turtledeer_0745.jpg,0,0,0,0,0,1,0,0,0,1,0
turtledinosaur_0715.jpg,0,0,0,0,0,0,1,0,0,1,0
turtle_0720.jpg,0,0,0,0,0,0,0,0,0,1,0
turtlesquirrel_0739.jpg,0,0,0,0,0,0,0,1,0,1,0
turtledinosaur_0711.jpg,0,0,0,0,0,0,1,0,0,1,0
turtlesquirrel_0731.jpg,0,0,0,0,0,0,0,1,0,1,0
turtledog_0712.jpg,1,0,0,0,0,0,0,0,0,1,0
turtlewolf_0703.jpg,0,0,0,0,0,0,0,0,0,1,1
turtledinosaur_0702.jpg,0,0,0,0,0,0,1,0,0,1,0
turtledinosaur_0714.jpg,0,0,0,0,0,0,1,0,0,1,0
turtledinosaur_0717.jpg,0,0,0,0,0,0,1,0,0,1,0
turtledinosaur_0713.jpg,0,0,0,0,0,0,1,0,0,1,0
turtledog_0709.jpg,1,0,0,0,0,0,0,0,0,1,0
turtledeer_0724.jpg,0,0,0,0,0,1,0,0,0,1,0
turtlecat_0707.jpg,0,1,0,0,0,0,0,0,0,1,0
turtledog_0718.jpg,1,0,0,0,0,0,0,0,0,1,0
turtledog_0716.jpg,1,0,0,0,0,0,0,0,0,1,0
turtle_0677.jpg,0,0,0,0,0,0,0,0,0,1,0
turtlesnake_0706.jpg,0,0,0,1,0,0,0,0,0,1,0
turtledog_0689.jpg,1,0,0,0,0,0,0,0,0,1,0
turtledinosaur_0698.jpg,0,0,0,0,0,0,1,0,0,1,0
turtledog_0690.jpg,1,0,0,0,0,0,0,0,0,1,0
turtledog_0695.jpg,1,0,0,0,0,0,0,0,0,1,0
turtlecat_0685.jpg,0,1,0,0,0,0,0,0,0,1,0
turtledog_0704.jpg,1,0,0,0,0,0,0,0,0,1,0
turtlewolf_0700.jpg,0,0,0,0,0,0,0,0,0,1,1
turtlebear_0694.jpg,0,0,1,0,0,0,0,0,0,1,0
turtledog_0683.jpg,1,0,0,0,0,0,0,0,0,1,0
turtlewolf_0699.jpg,0,0,0,0,0,0,0,0,0,1,1
turtledinosaur_0697.jpg,0,0,0,0,0,0,1,0,0,1,0
turtledinosaur_0682.jpg,0,0,0,0,0,0,1,0,0,1,0
turtlecat_0684.jpg,0,1,0,0,0,0,0,0,0,1,0
turtlecat_0693.jpg,0,1,0,0,0,0,0,0,0,1,0
turtledinosaur_0696.jpg,0,0,0,0,0,0,1,0,0,1,0
turtlewolf_0687.jpg,0,0,0,0,0,0,0,0,0,1,1
turtlebear_0691.jpg,0,0,1,0,0,0,0,0,0,1,0
turtledog_0692.jpg,1,0,0,0,0,0,0,0,0,1,0
turtlewolf_0701.jpg,0,0,0,0,0,0,0,0,0,1,1
turtledinosaur_0708.jpg,0,0,0,0,0,0,1,0,0,1,0
turtlebear_0686.jpg,0,0,1,0,0,0,0,0,0,1,0
turtledinosaur_0672.jpg,0,0,0,0,0,0,1,0,0,1,0
turtledog_0666.jpg,1,0,0,0,0,0,0,0,0,1,0
turtledinosaur_0675.jpg,0,0,0,0,0,0,1,0,0,1,0
turtledinosaur_0664.jpg,0,0,0,0,0,0,1,0,0,1,0
turtlecat_0670.jpg,0,1,0,0,0,0,0,0,0,1,0
turtle_0678.jpg,0,0,0,0,0,0,0,0,0,1,0
turtledinosaur_0671.jpg,0,0,0,0,0,0,1,0,0,1,0
turtledinosaur_0668.jpg,0,0,0,0,0,0,1,0,0,1,0
turtledeer_0658.jpg,0,0,0,0,0,1,0,0,0,1,0
turtle_0679.jpg,0,0,0,0,0,0,0,0,0,1,0
turtledog_0673.jpg,1,0,0,0,0,0,0,0,0,1,0
turtlecat_0681.jpg,0,1,0,0,0,0,0,0,0,1,0
turtledog_0659.jpg,1,0,0,0,0,0,0,0,0,1,0
turtlesnake_0674.jpg,0,0,0,1,0,0,0,0,0,1,0
turtle_0680.jpg,0,0,0,0,0,0,0,0,0,1,0
turtlewolf_0688.jpg,0,0,0,0,0,0,0,0,0,1,1
turtledinosaur_0669.jpg,0,0,0,0,0,0,1,0,0,1,0
turtledog_0662.jpg,1,0,0,0,0,0,0,0,0,1,0
turtledinosaur_0676.jpg,0,0,0,0,0,0,1,0,0,1,0
turtle_0652.jpg,0,0,0,0,0,0,0,0,0,1,0
turtlesquirrel_0639.jpg,0,0,0,0,0,0,0,1,0,1,0
turtlerabbit_0647.jpg,0,0,0,0,1,0,0,0,0,1,0
turtlesquirrel_0643.jpg,0,0,0,0,0,0,0,1,0,1,0
turtle_0667.jpg,0,0,0,0,0,0,0,0,0,1,0
turtlesquirrel_0656.jpg,0,0,0,0,0,0,0,1,0,1,0
turtlerabbit_0644.jpg,0,0,0,0,1,0,0,0,0,1,0
turtle_0645.jpg,0,0,0,0,0,0,0,0,0,1,0
turtlesquirrel_0641.jpg,0,0,0,0,0,0,0,1,0,1,0
turtledog_0651.jpg,1,0,0,0,0,0,0,0,0,1,0
turtlerabbitsquirrel_0648.jpg,0,0,0,0,1,0,0,1,0,1,0
turtledog_0654.jpg,1,0,0,0,0,0,0,0,0,1,0
turtlecat_0655.jpg,0,1,0,0,0,0,0,0,0,1,0
turtlewolfdinosaur_0663.jpg,0,0,0,0,0,0,1,0,0,1,1
turtledog_0646.jpg,1,0,0,0,0,0,0,0,0,1,0
turtle_0650.jpg,0,0,0,0,0,0,0,0,0,1,0
turtledog_0661.jpg,1,0,0,0,0,0,0,0,0,1,0
turtledinosaur_0636.jpg,0,0,0,0,0,0,1,0,0,1,0
turtlebear_0649.jpg,0,0,1,0,0,0,0,0,0,1,0
turtledog_0660.jpg,1,0,0,0,0,0,0,0,0,1,0
turtledog_0665.jpg,1,0,0,0,0,0,0,0,0,1,0
turtledog_0657.jpg,1,0,0,0,0,0,0,0,0,1,0
turtlecat_0653.jpg,0,1,0,0,0,0,0,0,0,1,0
turtle_0638.jpg,0,0,0,0,0,0,0,0,0,1,0
turtlecat_0632.jpg,0,1,0,0,0,0,0,0,0,1,0
turtlecat_0620.jpg,0,1,0,0,0,0,0,0,0,1,0
turtledog_0629.jpg,1,0,0,0,0,0,0,0,0,1,0
turtle_0617.jpg,0,0,0,0,0,0,0,0,0,1,0
turtlesnake_0635.jpg,0,0,0,1,0,0,0,0,0,1,0
turtlebear_0640.jpg,0,0,1,0,0,0,0,0,0,1,0
turtledeer_0613.jpg,0,0,0,0,0,1,0,0,0,1,0
turtledog_0614.jpg,1,0,0,0,0,0,0,0,0,1,0
turtlecat_0631.jpg,0,1,0,0,0,0,0,0,0,1,0
turtle_0622.jpg,0,0,0,0,0,0,0,0,0,1,0
turtlebear_0623.jpg,0,0,1,0,0,0,0,0,0,1,0
turtlecat_0626.jpg,0,1,0,0,0,0,0,0,0,1,0
turtlebear_0624.jpg,0,0,1,0,0,0,0,0,0,1,0
turtle_0627.jpg,0,0,0,0,0,0,0,0,0,1,0
turtle_0611.jpg,0,0,0,0,0,0,0,0,0,1,0
turtlebear_0634.jpg,0,0,1,0,0,0,0,0,0,1,0
turtledog_0637.jpg,1,0,0,0,0,0,0,0,0,1,0
turtledog_0628.jpg,1,0,0,0,0,0,0,0,0,1,0
turtle_0621.jpg,0,0,0,0,0,0,0,0,0,1,0
turtlerabbit_0619.jpg,0,0,0,0,1,0,0,0,0,1,0
turtledog_0630.jpg,1,0,0,0,0,0,0,0,0,1,0
turtlecat_0642.jpg,0,1,0,0,0,0,0,0,0,1,0
turtledog_0633.jpg,1,0,0,0,0,0,0,0,0,1,0
turtle_0615.jpg,0,0,0,0,0,0,0,0,0,1,0
turtledog_0625.jpg,1,0,0,0,0,0,0,0,0,1,0
turtlerabbitsquirrel_0616.jpg,0,0,0,0,1,0,0,1,0,1,0
turtledog_0612.jpg,1,0,0,0,0,0,0,0,0,1,0
dinosaur_0416.jpg,0,0,0,0,0,0,1,0,0,0,0
dinosaur_0409.jpg,0,0,0,0,0,0,1,0,0,0,0
dinosaurdog_0408.jpg,1,0,0,0,0,0,1,0,0,0,0
turtle_0618.jpg,0,0,0,0,0,0,0,0,0,1,0
turtlesquirrel_0602.jpg,0,0,0,0,0,0,0,1,0,1,0
dinosaurdog_0407.jpg,1,0,0,0,0,0,1,0,0,0,0
turtle_0601.jpg,0,0,0,0,0,0,0,0,0,1,0
dinosaurdeer_0411.jpg,0,0,0,0,0,1,1,0,0,0,0
turtlesquirrel_0604.jpg,0,0,0,0,0,0,0,1,0,1,0
dinosaurrabbit_0412.jpg,0,0,0,0,1,0,1,0,0,0,0
dinosaursquirrel_0405.jpg,0,0,0,0,0,0,1,1,0,0,0
turtlesquirrel_0603.jpg,0,0,0,0,0,0,0,1,0,1,0
dinosaur_0420.jpg,0,0,0,0,0,0,1,0,0,0,0
dinosaur_0417.jpg,0,0,0,0,0,0,1,0,0,0,0
dinosaur_0415.jpg,0,0,0,0,0,0,1,0,0,0,0
dinosaur_0395.jpg,0,0,0,0,0,0,1,0,0,0,0
dinosaur_0418.jpg,0,0,0,0,0,0,1,0,0,0,0
turtlerabbit_0608.jpg,0,0,0,0,1,0,0,0,0,1,0
dinosaurdog_0402.jpg,1,0,0,0,0,0,1,0,0,0,0
turtle_0605.jpg,0,0,0,0,0,0,0,0,0,1,0
dinosaur_0419.jpg,0,0,0,0,0,0,1,0,0,0,0
dinosaurturtle_0400.jpg,0,0,0,0,0,0,1,0,0,1,0
turtletiger_0606.jpg,0,0,0,0,0,0,0,0,1,1,0
dinosaurcat_0413.jpg,0,1,0,0,0,0,1,0,0,0,0
turtledog_0607.jpg,1,0,0,0,0,0,0,0,0,1,0
turtle_0610.jpg,0,0,0,0,0,0,0,0,0,1,0
dinosaur_0393.jpg,0,0,0,0,0,0,1,0,0,0,0
turtlesquirrel_0609.jpg,0,0,0,0,0,0,0,1,0,1,0
dinosaur_0396.jpg,0,0,0,0,0,0,1,0,0,0,0
dinosaur_0404.jpg,0,0,0,0,0,0,1,0,0,0,0
dinosaur_0380.jpg,0,0,0,0,0,0,1,0,0,0,0
dinosaursquirrel_0406.jpg,0,0,0,0,0,0,1,1,0,0,0
dinosaursquirrel_0374.jpg,0,0,0,0,0,0,1,1,0,0,0
dinosaur_0399.jpg,0,0,0,0,0,0,1,0,0,0,0
dinosaurdog_0403.jpg,1,0,0,0,0,0,1,0,0,0,0
dinosaur_0392.jpg,0,0,0,0,0,0,1,0,0,0,0
dinosaur_0401.jpg,0,0,0,0,0,0,1,0,0,0,0
dinosaurbear_0375.jpg,0,0,1,0,0,0,1,0,0,0,0
dinosaur_0410.jpg,0,0,0,0,0,0,1,0,0,0,0
dinosaur_0389.jpg,0,0,0,0,0,0,1,0,0,0,0
dinosaur_0386.jpg,0,0,0,0,0,0,1,0,0,0,0
dinosaur_0381.jpg,0,0,0,0,0,0,1,0,0,0,0
dinosaur_0379.jpg,0,0,0,0,0,0,1,0,0,0,0
dinosaursquirrel_0382.jpg,0,0,0,0,0,0,1,1,0,0,0
dinosaurwolfdinosaur_0391.jpg,0,0,0,0,0,0,1,0,0,0,1
dinosaursquirrel_0384.jpg,0,0,0,0,0,0,1,1,0,0,0
dinosaurbear_0377.jpg,0,0,1,0,0,0,1,0,0,0,0
dinosaurdeer_0369.jpg,0,0,0,0,0,1,1,0,0,0,0
dinosaur_0390.jpg,0,0,0,0,0,0,1,0,0,0,0
dinosaur_0397.jpg,0,0,0,0,0,0,1,0,0,0,0
dinosaur_0398.jpg,0,0,0,0,0,0,1,0,0,0,0
dinosaur_0387.jpg,0,0,0,0,0,0,1,0,0,0,0
dinosaur_0385.jpg,0,0,0,0,0,0,1,0,0,0,0
dinosaur_0340.jpg,0,0,0,0,0,0,1,0,0,0,0
dinosaurdog_0371.jpg,1,0,0,0,0,0,1,0,0,0,0
dinosaur_0350.jpg,0,0,0,0,0,0,1,0,0,0,0
dinosaurdeer_0388.jpg,0,0,0,0,0,1,1,0,0,0,0
dinosaurdog_0364.jpg,1,0,0,0,0,0,1,0,0,0,0
dinosaur_0347.jpg,0,0,0,0,0,0,1,0,0,0,0
dinosaur_0343.jpg,0,0,0,0,0,0,1,0,0,0,0
dinosaurdog_0370.jpg,1,0,0,0,0,0,1,0,0,0,0
dinosaurdeer_0365.jpg,0,0,0,0,0,1,1,0,0,0,0
dinosaurdeer_0362.jpg,0,0,0,0,0,1,1,0,0,0,0
dinosaurdeer_0367.jpg,0,0,0,0,0,1,1,0,0,0,0
dinosaurcat_0368.jpg,0,1,0,0,0,0,1,0,0,0,0
dinosaurdog_0366.jpg,1,0,0,0,0,0,1,0,0,0,0
dinosaurdeer_0363.jpg,0,0,0,0,0,1,1,0,0,0,0
dinosaursquirrel_0383.jpg,0,0,0,0,0,0,1,1,0,0,0
dinosaurdog_0361.jpg,1,0,0,0,0,0,1,0,0,0,0
dinosaurdog_0373.jpg,1,0,0,0,0,0,1,0,0,0,0
dinosaurdeer_0360.jpg,0,0,0,0,0,1,1,0,0,0,0
dinosaurdog_0355.jpg,1,0,0,0,0,0,1,0,0,0,0
dinosaurdog_0358.jpg,1,0,0,0,0,0,1,0,0,0,0
dinosaurdog_0414.jpg,1,0,0,0,0,0,1,0,0,0,0
dinosaur_0372.jpg,0,0,0,0,0,0,1,0,0,0,0
dinosaursquirrel_0394.jpg,0,0,0,0,0,0,1,1,0,0,0
dinosaurdeer_0357.jpg,0,0,0,0,0,1,1,0,0,0,0
dinosaur_0327.jpg,0,0,0,0,0,0,1,0,0,0,0
dinosaur_0330.jpg,0,0,0,0,0,0,1,0,0,0,0
dinosaurdeer_0352.jpg,0,0,0,0,0,1,1,0,0,0,0
dinosaur_0348.jpg,0,0,0,0,0,0,1,0,0,0,0
dinosaurcat_0337.jpg,0,1,0,0,0,0,1,0,0,0,0
dinosaur_0345.jpg,0,0,0,0,0,0,1,0,0,0,0
dinosaur_0338.jpg,0,0,0,0,0,0,1,0,0,0,0
dinosaurdog_0335.jpg,1,0,0,0,0,0,1,0,0,0,0
dinosaur_0349.jpg,0,0,0,0,0,0,1,0,0,0,0
dinosaurdog_0336.jpg,1,0,0,0,0,0,1,0,0,0,0
dinosaur_0315.jpg,0,0,0,0,0,0,1,0,0,0,0
dinosaur_0324.jpg,0,0,0,0,0,0,1,0,0,0,0
dinosaur_0334.jpg,0,0,0,0,0,0,1,0,0,0,0
dinosaurdeer_0354.jpg,0,0,0,0,0,1,1,0,0,0,0
dinosaurdeer_0359.jpg,0,0,0,0,0,1,1,0,0,0,0
dinosaur_0325.jpg,0,0,0,0,0,0,1,0,0,0,0
dinosaur_0341.jpg,0,0,0,0,0,0,1,0,0,0,0
dinosaur_0351.jpg,0,0,0,0,0,0,1,0,0,0,0
dinosaur_0339.jpg,0,0,0,0,0,0,1,0,0,0,0
dinosaur_0323.jpg,0,0,0,0,0,0,1,0,0,0,0
dinosaur_0346.jpg,0,0,0,0,0,0,1,0,0,0,0
dinosaursquirrel_0353.jpg,0,0,0,0,0,0,1,1,0,0,0
dinosaurdeer_0332.jpg,0,0,0,0,0,1,1,0,0,0,0
dinosaurdog_0328.jpg,1,0,0,0,0,0,1,0,0,0,0
dinosaur_0344.jpg,0,0,0,0,0,0,1,0,0,0,0
dinosaur_0314.jpg,0,0,0,0,0,0,1,0,0,0,0
dinosaur_0309.jpg,0,0,0,0,0,0,1,0,0,0,0
dinosaur_0311.jpg,0,0,0,0,0,0,1,0,0,0,0
dinosaurbear_0321.jpg,0,0,1,0,0,0,1,0,0,0,0
dinosaur_0320.jpg,0,0,0,0,0,0,1,0,0,0,0
dinosaur_0310.jpg,0,0,0,0,0,0,1,0,0,0,0
dinosaur_0306.jpg,0,0,0,0,0,0,1,0,0,0,0
dinosaur_0316.jpg,0,0,0,0,0,0,1,0,0,0,0
dinosaur_0329.jpg,0,0,0,0,0,0,1,0,0,0,0
dinosaursquirrel_0317.jpg,0,0,0,0,0,0,1,1,0,0,0
dinosaurdeer_0333.jpg,0,0,0,0,0,1,1,0,0,0,0
dinosaur_0303.jpg,0,0,0,0,0,0,1,0,0,0,0
dinosaur_0326.jpg,0,0,0,0,0,0,1,0,0,0,0
dinosaur_0312.jpg,0,0,0,0,0,0,1,0,0,0,0
dinosaurdeer_0331.jpg,0,0,0,0,0,1,1,0,0,0,0
dinosaur_0322.jpg,0,0,0,0,0,0,1,0,0,0,0
wolfsnake_1097.jpg,0,0,0,1,0,0,0,0,0,0,1
catsnake_1098.jpg,0,1,0,1,0,0,0,0,0,0,0
dinosaursnake_1099.jpg,0,0,0,1,0,0,1,0,0,0,0
catsnake_1100.jpg,0,1,0,1,0,0,0,0,0,0,0
dinosaursnake_1102.jpg,0,0,0,1,0,0,1,0,0,0,0
catsnake_1103.jpg,0,1,0,1,0,0,0,0,0,0,0
dinosaurcatsnake_1104.jpg,0,1,0,1,0,0,1,0,0,0,0
catsnake_1105.jpg,0,1,0,1,0,0,0,0,0,0,0
wolfdeer_2204.jpg,0,0,0,0,0,1,0,0,0,0,1
wolfsquirrel_2242.jpg,0,0,0,0,0,0,0,1,0,0,1
wolfsquirrel_2235.jpg,0,0,0,0,0,0,0,1,0,0,1
wolfsquirrel_2236.jpg,0,0,0,0,0,0,0,1,0,0,1
wolfsquirrel_2245.jpg,0,0,0,0,0,0,0,1,0,0,1
wolfsquirrel_2238.jpg,0,0,0,0,0,0,0,1,0,0,1
wolfdeer_2218.jpg,0,0,0,0,0,1,0,0,0,0,1
wolfsquirrel_2243.jpg,0,0,0,0,0,0,0,1,0,0,1
wolftiger_2108.jpg,0,0,0,0,0,0,0,0,1,0,1
wolfdeer_2222.jpg,0,0,0,0,0,1,0,0,0,0,1
wolfsquirrel_2244.jpg,0,0,0,0,0,0,0,1,0,0,1
wolfsquirrel_2240.jpg,0,0,0,0,0,0,0,1,0,0,1
wolfdeer_2202.jpg,0,0,0,0,0,1,0,0,0,0,1
wolfsquirrel_2149.jpg,0,0,0,0,0,0,0,1,0,0,1
wolfsquirrel_2241.jpg,0,0,0,0,0,0,0,1,0,0,1
wolfsquirrel_2234.jpg,0,0,0,0,0,0,0,1,0,0,1
wolfdeer_2227.jpg,0,0,0,0,0,1,0,0,0,0,1
wolfdeer_2207.jpg,0,0,0,0,0,1,0,0,0,0,1
wolfdeer_2219.jpg,0,0,0,0,0,1,0,0,0,0,1
wolfsquirrel_2230.jpg,0,0,0,0,0,0,0,1,0,0,1
wolfsquirrel_2237.jpg,0,0,0,0,0,0,0,1,0,0,1
wolfdeer_2209.jpg,0,0,0,0,0,1,0,0,0,0,1
wolfdeer_2205.jpg,0,0,0,0,0,1,0,0,0,0,1
wolf_2188.jpg,0,0,0,0,0,0,0,0,0,0,1
wolfdeer_2200.jpg,0,0,0,0,0,1,0,0,0,0,1
wolftiger_2183.jpg,0,0,0,0,0,0,0,0,1,0,1
wolftiger_2177.jpg,0,0,0,0,0,0,0,0,1,0,1
wolfdeer_2206.jpg,0,0,0,0,0,1,0,0,0,0,1
wolfdeer_2226.jpg,0,0,0,0,0,1,0,0,0,0,1
wolfdeer_2216.jpg,0,0,0,0,0,1,0,0,0,0,1
wolfdeer_2224.jpg,0,0,0,0,0,1,0,0,0,0,1
wolfdeer_2220.jpg,0,0,0,0,0,1,0,0,0,0,1
wolfdeer_2201.jpg,0,0,0,0,0,1,0,0,0,0,1
wolf_2190.jpg,0,0,0,0,0,0,0,0,0,0,1
wolf_2189.jpg,0,0,0,0,0,0,0,0,0,0,1
wolfdeer_2203.jpg,0,0,0,0,0,1,0,0,0,0,1
wolfdeer_2228.jpg,0,0,0,0,0,1,0,0,0,0,1
wolfdeer_2217.jpg,0,0,0,0,0,1,0,0,0,0,1
wolf_2195.jpg,0,0,0,0,0,0,0,0,0,0,1
wolf_2192.jpg,0,0,0,0,0,0,0,0,0,0,1
wolf_2193.jpg,0,0,0,0,0,0,0,0,0,0,1
wolf_2196.jpg,0,0,0,0,0,0,0,0,0,0,1
wolftiger_2174.jpg,0,0,0,0,0,0,0,0,1,0,1
wolfdeer_2221.jpg,0,0,0,0,0,1,0,0,0,0,1
wolf_2187.jpg,0,0,0,0,0,0,0,0,0,0,1
wolf_2186.jpg,0,0,0,0,0,0,0,0,0,0,1
wolftiger_2179.jpg,0,0,0,0,0,0,0,0,1,0,1
wolfdeer_2223.jpg,0,0,0,0,0,1,0,0,0,0,1
wolf_2191.jpg,0,0,0,0,0,0,0,0,0,0,1
wolftiger_2180.jpg,0,0,0,0,0,0,0,0,1,0,1
wolftiger_2178.jpg,0,0,0,0,0,0,0,0,1,0,1
wolftiger_2175.jpg,0,0,0,0,0,0,0,0,1,0,1
wolf_2194.jpg,0,0,0,0,0,0,0,0,0,0,1
wolf_2185.jpg,0,0,0,0,0,0,0,0,0,0,1
wolfdeer_2208.jpg,0,0,0,0,0,1,0,0,0,0,1
wolfrabbit_2169.jpg,0,0,0,0,1,0,0,0,0,0,1
wolfrabbit_2159.jpg,0,0,0,0,1,0,0,0,0,0,1
wolfrabbit_2162.jpg,0,0,0,0,1,0,0,0,0,0,1
wolftiger_2181.jpg,0,0,0,0,0,0,0,0,1,0,1
wolfrabbit_2168.jpg,0,0,0,0,1,0,0,0,0,0,1
wolfrabbit_2160.jpg,0,0,0,0,1,0,0,0,0,0,1
wolfrabbit_2165.jpg,0,0,0,0,1,0,0,0,0,0,1
wolfsquirrel_2145.jpg,0,0,0,0,0,0,0,1,0,0,1
wolfsquirrel_2150.jpg,0,0,0,0,0,0,0,1,0,0,1
wolfrabbit_2163.jpg,0,0,0,0,1,0,0,0,0,0,1
wolftiger_2170.jpg,0,0,0,0,0,0,0,0,1,0,1
wolfrabbit_2164.jpg,0,0,0,0,1,0,0,0,0,0,1
wolfdeer_2135.jpg,0,0,0,0,0,1,0,0,0,0,1
wolfrabbit_2166.jpg,0,0,0,0,1,0,0,0,0,0,1
wolfsquirrel_2147.jpg,0,0,0,0,0,0,0,1,0,0,1
wolfsquirrel_2140.jpeg,0,0,0,0,0,0,0,1,0,0,1
wolfrabbit_2155.jpg,0,0,0,0,1,0,0,0,0,0,1
wolfdeer_2225.jpg,0,0,0,0,0,1,0,0,0,0,1
wolfdeer_2136.jpg,0,0,0,0,0,1,0,0,0,0,1
wolfsquirrel_2154.jpg,0,0,0,0,0,0,0,1,0,0,1
wolfdeer_2125.jpg,0,0,0,0,0,1,0,0,0,0,1
wolfrabbit_2161.jpg,0,0,0,0,1,0,0,0,0,0,1
wolfsquirrel_2146.jpg,0,0,0,0,0,0,0,1,0,0,1
wolfdeer_2134.jpg,0,0,0,0,0,1,0,0,0,0,1
wolftiger_2182.jpg,0,0,0,0,0,0,0,0,1,0,1
wolfsquirrel_2148.jpg,0,0,0,0,0,0,0,1,0,0,1
wolfdeer_2138.jpg,0,0,0,0,0,1,0,0,0,0,1
wolfrabbit_2167.jpg,0,0,0,0,1,0,0,0,0,0,1
wolftiger_2184.jpg,0,0,0,0,0,0,0,0,1,0,1
wolftiger_2176.jpg,0,0,0,0,0,0,0,0,1,0,1
wolfsquirrel_2141.jpg,0,0,0,0,0,0,0,1,0,0,1
wolfsquirrel_2153.jpg,0,0,0,0,0,0,0,1,0,0,1
wolftiger_2097.jpg,0,0,0,0,0,0,0,0,1,0,1
wolftiger_2098.jpg,0,0,0,0,0,0,0,0,1,0,1
wolftiger_2107.jpg,0,0,0,0,0,0,0,0,1,0,1
wolfdeer_2133.jpg,0,0,0,0,0,1,0,0,0,0,1
wolftiger_2112.jpg,0,0,0,0,0,0,0,0,1,0,1
wolfsquirrel_2152.jpg,0,0,0,0,0,0,0,1,0,0,1
wolftiger_2100.jpg,0,0,0,0,0,0,0,0,1,0,1
wolfdeer_2131.jpg,0,0,0,0,0,1,0,0,0,0,1
wolftiger_2118.jpg,0,0,0,0,0,0,0,0,1,0,1
wolftiger_2119.jpg,0,0,0,0,0,0,0,0,1,0,1
wolftiger_2101.jpg,0,0,0,0,0,0,0,0,1,0,1
wolftiger_2099.jpg,0,0,0,0,0,0,0,0,1,0,1
wolftiger_2117.jpg,0,0,0,0,0,0,0,0,1,0,1
wolfdeer_2137.jpg,0,0,0,0,0,1,0,0,0,0,1
wolfdeer_2130.jpg,0,0,0,0,0,1,0,0,0,0,1
wolftiger_2115.jpg,0,0,0,0,0,0,0,0,1,0,1
wolftiger_2105.jpg,0,0,0,0,0,0,0,0,1,0,1
wolfdeer_2139.jpg,0,0,0,0,0,1,0,0,0,0,1
wolftiger_2104.jpg,0,0,0,0,0,0,0,0,1,0,1
wolftiger_2110.jpg,0,0,0,0,0,0,0,0,1,0,1
wolftiger_2114.jpg,0,0,0,0,0,0,0,0,1,0,1
wolftiger_2109.jpg,0,0,0,0,0,0,0,0,1,0,1
wolftiger_2103.jpg,0,0,0,0,0,0,0,0,1,0,1
wolftiger_2116.jpg,0,0,0,0,0,0,0,0,1,0,1
wolftiger_2096.jpg,0,0,0,0,0,0,0,0,1,0,1
wolftiger_2102.jpg,0,0,0,0,0,0,0,0,1,0,1
wolfsquirrel_2151.jpg,0,0,0,0,0,0,0,1,0,0,1
wolftiger_2111.jpg,0,0,0,0,0,0,0,0,1,0,1
wolfdeer_2129.jpg,0,0,0,0,0,1,0,0,0,0,1
wolftiger_2120.jpg,0,0,0,0,0,0,0,0,1,0,1
wolftiger_2095.jpg,0,0,0,0,0,0,0,0,1,0,1
wolfdeer_2132.jpg,0,0,0,0,0,1,0,0,0,0,1
dinosaursnake_1106.jpg,0,0,0,1,0,0,1,0,0,0,0
wolfrabbit_2157.jpg,0,0,0,0,1,0,0,0,0,0,1
wolftiger_2124.jpg,0,0,0,0,0,0,0,0,1,0,1
wolfsquirrel_2142.jpg,0,0,0,0,0,0,0,1,0,0,1
wolfsquirrel_2143.jpg,0,0,0,0,0,0,0,1,0,0,1
wolftiger_2121.jpg,0,0,0,0,0,0,0,0,1,0,1
wolftiger_2171.jpg,0,0,0,0,0,0,0,0,1,0,1
wolfdeer_2212.jpg,0,0,0,0,0,1,0,0,0,0,1
wolftiger_2173.jpg,0,0,0,0,0,0,0,0,1,0,1
wolf_2198.jpg,0,0,0,0,0,0,0,0,0,0,1
wolfsquirrel_2233.jpg,0,0,0,0,0,0,0,1,0,0,1
wolftiger_2113.jpg,0,0,0,0,0,0,0,0,1,0,1
wolfdeer_2210.jpg,0,0,0,0,0,1,0,0,0,0,1
wolfdeer_2128.jpg,0,0,0,0,0,1,0,0,0,0,1
wolfrabbit_2156.jpg,0,0,0,0,1,0,0,0,0,0,1
wolfdeer_2211.jpg,0,0,0,0,0,1,0,0,0,0,1
wolftiger_2106.jpg,0,0,0,0,0,0,0,0,1,0,1
wolf_2199.jpg,0,0,0,0,0,0,0,0,0,0,1
wolftiger_2172.jpg,0,0,0,0,0,0,0,0,1,0,1
wolfdeer_2127.jpg,0,0,0,0,0,1,0,0,0,0,1
wolftiger_2123.jpg,0,0,0,0,0,0,0,0,1,0,1
wolfdeer_2213.jpg,0,0,0,0,0,1,0,0,0,0,1
wolfdeer_2126.jpg,0,0,0,0,0,1,0,0,0,0,1
wolfsquirrel_2231.jpg,0,0,0,0,0,0,0,1,0,0,1
wolfsquirrel_2144.jpg,0,0,0,0,0,0,0,1,0,0,1
wolfdeer_2214.jpg,0,0,0,0,0,1,0,0,0,0,1
wolf_2197.jpg,0,0,0,0,0,0,0,0,0,0,1
wolfdeer_2215.jpg,0,0,0,0,0,1,0,0,0,0,1
wolftiger_2122.jpg,0,0,0,0,0,0,0,0,1,0,1
wolfrabbit_2158.jpg,0,0,0,0,1,0,0,0,0,0,1
wolfsquirrel_2232.jpg,0,0,0,0,0,0,0,1,0,0,1
tiger_029.jpg,0,0,0,0,0,0,0,0,1,0,0
tiger_034.jpg,0,0,0,0,0,0,0,0,1,0,0
tiger_037.jpg,0,0,0,0,0,0,0,0,1,0,0
tiger_033.jpg,0,0,0,0,0,0,0,0,1,0,0
tiger_023.jpg,0,0,0,0,0,0,0,0,1,0,0
tiger_031.jpg,0,0,0,0,0,0,0,0,1,0,0
tiger_022.jpg,0,0,0,0,0,0,0,0,1,0,0
tiger_038.jpg,0,0,0,0,0,0,0,0,1,0,0
tiger_025.jpg,0,0,0,0,0,0,0,0,1,0,0
tiger_024.jpg,0,0,0,0,0,0,0,0,1,0,0
dinosaurcatsnake_1107.jpg,0,1,0,1,0,0,1,0,0,0,0
squirrelrabbit_2084.jpg,0,0,0,0,1,0,0,1,0,0,0
squirrel_2067.jpg,0,0,0,0,0,0,0,1,0,0,0
squirrel_2072.jpg,0,0,0,0,0,0,0,1,0,0,0
squirrelrabbit_2080.jpeg,0,0,0,0,1,0,0,1,0,0,0
squirrelrabbit_2088.jpg,0,0,0,0,1,0,0,1,0,0,0
squirrel_2075.jpg,0,0,0,0,0,0,0,1,0,0,0
squirrelrabbit_2086.jpg,0,0,0,0,1,0,0,1,0,0,0
squirrel_2071.jpg,0,0,0,0,0,0,0,1,0,0,0
squirrelrabbit_2087.jpg,0,0,0,0,1,0,0,1,0,0,0
squirrel_2066.jpg,0,0,0,0,0,0,0,1,0,0,0
squirrelrabbit_2082.jpg,0,0,0,0,1,0,0,1,0,0,0
squirrelrabbit_2089.jpg,0,0,0,0,1,0,0,1,0,0,0
squirreldeer_2059.jpg,0,0,0,0,0,1,0,1,0,0,0
squirreldeer_2063.jpg,0,0,0,0,0,1,0,1,0,0,0
squirrel_2065.jpg,0,0,0,0,0,0,0,1,0,0,0
squirrelrabbit_2090.jpg,0,0,0,0,1,0,0,1,0,0,0
squirreldeer_2058.jpg,0,0,0,0,0,1,0,1,0,0,0
squirrel_2068.jpg,0,0,0,0,0,0,0,1,0,0,0
squirrelrabbit_2091.jpg,0,0,0,0,1,0,0,1,0,0,0
squirrelrabbit_2001.jpg,0,0,0,0,1,0,0,1,0,0,0
squirreldeer_2056.jpg,0,0,0,0,0,1,0,1,0,0,0
squirreldeer_2064.jpg,0,0,0,0,0,1,0,1,0,0,0
squirrelrabbit_2048.jpg,0,0,0,0,1,0,0,1,0,0,0
squirrelrabbit_2083.jpg,0,0,0,0,1,0,0,1,0,0,0
squirrelrabbit_2019.jpg,0,0,0,0,1,0,0,1,0,0,0
squirrelrabbit_2042.jpg,0,0,0,0,1,0,0,1,0,0,0
squirrel_2070.jpg,0,0,0,0,0,0,0,1,0,0,0
squirrel_2024.jpg,0,0,0,0,0,0,0,1,0,0,0
squirrelrabbit_2003.jpg,0,0,0,0,1,0,0,1,0,0,0
squirrel_2073.jpg,0,0,0,0,0,0,0,1,0,0,0
squirrelrabbit_2044.jpg,0,0,0,0,1,0,0,1,0,0,0
squirrelrabbit_2040.jpg,0,0,0,0,1,0,0,1,0,0,0
squirrelrabbit_2046.jpg,0,0,0,0,1,0,0,1,0,0,0
squirrelrabbit_2035.jpg,0,0,0,0,1,0,0,1,0,0,0
squirrelrabbit_2049.jpg,0,0,0,0,1,0,0,1,0,0,0
squirrel_2074.jpg,0,0,0,0,0,0,0,1,0,0,0
squirrelrabbit_2045.jpg,0,0,0,0,1,0,0,1,0,0,0
squirrelrabbit_1992.jpg,0,0,0,0,1,0,0,1,0,0,0
squirrel_2076.jpg,0,0,0,0,0,0,0,1,0,0,0
squirrel_2029.jpg,0,0,0,0,0,0,0,1,0,0,0
squirrelrabbit_2081.jpg,0,0,0,0,1,0,0,1,0,0,0
squirrelrabbit_2002.jpg,0,0,0,0,1,0,0,1,0,0,0
squirrelrabbit_2041.jpg,0,0,0,0,1,0,0,1,0,0,0
squirrelrabbit_1903.jpg,0,0,0,0,1,0,0,1,0,0,0
squirreldeer_2054.jpg,0,0,0,0,0,1,0,1,0,0,0
squirrelrabbit_2005.jpg,0,0,0,0,1,0,0,1,0,0,0
squirreldeer_2061.jpg,0,0,0,0,0,1,0,1,0,0,0
squirrelrabbit_2000.jpg,0,0,0,0,1,0,0,1,0,0,0
squirreldeer_2050.jpg,0,0,0,0,0,1,0,1,0,0,0
squirreldeer_2057.jpg,0,0,0,0,0,1,0,1,0,0,0
squirrelrabbit_2047.jpg,0,0,0,0,1,0,0,1,0,0,0
squirrelrabbit_2039.jpg,0,0,0,0,1,0,0,1,0,0,0
squirreldeer_2062.jpg,0,0,0,0,0,1,0,1,0,0,0
squirreldeer_1987.jpg,0,0,0,0,0,1,0,1,0,0,0
squirrelrabbit_2008.jpg,0,0,0,0,1,0,0,1,0,0,0
squirrel_2032.jpg,0,0,0,0,0,0,0,1,0,0,0
squirreldeer_1979.jpg,0,0,0,0,0,1,0,1,0,0,0
squirrelrabbit_2021.jpg,0,0,0,0,1,0,0,1,0,0,0
squirrelrabbit_2011.jpg,0,0,0,0,1,0,0,1,0,0,0
squirreldeer_1986.jpg,0,0,0,0,0,1,0,1,0,0,0
squirrel_2025.jpg,0,0,0,0,0,0,0,1,0,0,0
squirrel_2069.jpg,0,0,0,0,0,0,0,1,0,0,0
squirrelrabbit_2006.jpg,0,0,0,0,1,0,0,1,0,0,0
squirreltiger_1971.jpg,0,0,0,0,0,0,0,1,1,0,0
squirrel_2022.jpg,0,0,0,0,0,0,0,1,0,0,0
squirrelrabbit_2018.jpg,0,0,0,0,1,0,0,1,0,0,0
squirrelrabbit_2015.jpg,0,0,0,0,1,0,0,1,0,0,0
squirrel_2034.jpg,0,0,0,0,0,0,0,1,0,0,0
squirrel_2033.jpg,0,0,0,0,0,0,0,1,0,0,0
squirrelrabbit_2013.jpg,0,0,0,0,1,0,0,1,0,0,0
squirrelrabbit_2004.jpg,0,0,0,0,1,0,0,1,0,0,0
squirrelrabbit_2085.jpg,0,0,0,0,1,0,0,1,0,0,0
squirrelrabbit_2007.jpg,0,0,0,0,1,0,0,1,0,0,0
squirrel_2030.jpg,0,0,0,0,0,0,0,1,0,0,0
squirrelrabbit_2014.jpg,0,0,0,0,1,0,0,1,0,0,0
squirreldeer_2055.jpg,0,0,0,0,0,1,0,1,0,0,0
squirrel_2026.jpg,0,0,0,0,0,0,0,1,0,0,0
squirreldeer_1981.jpg,0,0,0,0,0,1,0,1,0,0,0
squirrelrabbit_2010.jpg,0,0,0,0,1,0,0,1,0,0,0
squirrelrabbit_2012.jpg,0,0,0,0,1,0,0,1,0,0,0
squirreltiger_1974.jpg,0,0,0,0,0,0,0,1,1,0,0
squirrelrabbit_2020.jpg,0,0,0,0,1,0,0,1,0,0,0
squirrelrabbit_2009.jpg,0,0,0,0,1,0,0,1,0,0,0
squirreldeer_1984.jpg,0,0,0,0,0,1,0,1,0,0,0
squirrel_2031.jpg,0,0,0,0,0,0,0,1,0,0,0
